season,team_id,team_analytics_name,team_name_arr,jersey_number,player_id,player_analytics_name,player_name,player_pos,player_age,player_height,player_weight,player_college,player_headshot,player_url
2023,2,birmingham-stallions,Birmingham Stallions,-,23,victor-bolden-jr,Victor Bolden Jr.,WR,31,"5'9""",175,Oregon State,https://b.fssta.com/uploads/application/usfl/headshots/23.vresize.140.170.medium.1.png,football/usfl/athletes/23
2023,2,birmingham-stallions,Birmingham Stallions,69,523,cohl-cabral,Cohl Cabral,C,28,"6'5""",304,Arizona State,https://b.fssta.com/uploads/application/usfl/headshots/523.vresize.140.170.medium.1.png,football/usfl/athletes/523
2023,2,birmingham-stallions,Birmingham Stallions,85,803,deon-cain,Deon Cain,WR,29,"6'2""",202,Clemson,https://b.fssta.com/uploads/application/usfl/headshots/803.vresize.140.170.medium.1.png,football/usfl/athletes/803
2023,2,birmingham-stallions,Birmingham Stallions,-,892,gray-davis,Gray Davis,G,-,"6'4""",300,Colorado State,https://b.fssta.com/uploads/application/fs-app/default-headshot.vresize.140.170.medium.0.png,football/usfl/athletes/892
2023,2,birmingham-stallions,Birmingham Stallions,-,909,christian-dilauro,Christian DiLauro,T,31,"6'5""",300,Illinois,https://b.fssta.com/uploads/application/fs-app/default-headshot.vresize.140.170.medium.0.png,football/usfl/athletes/909
2023,2,birmingham-stallions,Birmingham Stallions,74,2,oshea-dugas,O'Shea Dugas,OL,29,"6'4""",335,Louisiana Tech,https://b.fssta.com/uploads/application/usfl/headshots/2.vresize.140.170.medium.1.png,football/usfl/athletes/2
2023,2,birmingham-stallions,Birmingham Stallions,77,642,derwin-gray,Derwin Gray,T,31,"6'5""",320,Maryland,https://b.fssta.com/uploads/application/usfl/headshots/642.vresize.140.170.medium.1.png,football/usfl/athletes/642
2023,2,birmingham-stallions,Birmingham Stallions,16,475,adrian-hardy,Adrian Hardy,WR,29,"6'2""",205,Louisiana Tech,https://b.fssta.com/uploads/application/usfl/headshots/475.vresize.140.170.medium.1.png,football/usfl/athletes/475
2023,2,birmingham-stallions,Birmingham Stallions,76,21,darius-harper,Darius Harper,T,28,"6'6""",310,Cincinnati,https://b.fssta.com/uploads/application/usfl/headshots/21.vresize.140.170.medium.1.png,football/usfl/athletes/21
2023,2,birmingham-stallions,Birmingham Stallions,44,286,bobby-holly,Bobby Holly,FB,29,"5'11""",240,Louisiana Tech,https://b.fssta.com/uploads/application/usfl/headshots/286.vresize.140.170.medium.1.png,football/usfl/athletes/286
2023,2,birmingham-stallions,Birmingham Stallions,1,840,josh-johnson,Josh Johnson,WR,26,"5'11""",183,Tulsa,https://b.fssta.com/uploads/application/fs-app/default-headshot.vresize.140.170.medium.0.png,football/usfl/athletes/840
2023,2,birmingham-stallions,Birmingham Stallions,-,917,zack-johnson,Zack Johnson,G,32,"6'6""",315,North Dakota State,https://b.fssta.com/uploads/application/fs-app/default-headshot.vresize.140.170.medium.0.png,football/usfl/athletes/917
2023,2,birmingham-stallions,Birmingham Stallions,11,25,cj-marable,CJ Marable,RB,29,"5'11""",194,Coastal Carolina,https://b.fssta.com/uploads/application/usfl/headshots/25.vresize.140.170.medium.1.png,football/usfl/athletes/25
2023,2,birmingham-stallions,Birmingham Stallions,-,728,adrian-martinez,Adrian Martinez,QB,26,"6'3""",225,Kansas State,https://b.fssta.com/uploads/application/fs-app/default-headshot.vresize.140.170.medium.0.png,football/usfl/athletes/728
2023,2,birmingham-stallions,Birmingham Stallions,81,630,myron-mitchell,Myron Mitchell,WR,28,"6'1""",180,UAB,https://b.fssta.com/uploads/application/usfl/headshots/630.vresize.140.170.medium.1.png,football/usfl/athletes/630
2023,2,birmingham-stallions,Birmingham Stallions,18,623,jalen-morton,Jalen Morton,QB,29,"6'4""",226,Prairie View A&M,https://b.fssta.com/uploads/application/usfl/headshots/623.vresize.140.170.medium.1.png,football/usfl/athletes/623
2023,2,birmingham-stallions,Birmingham Stallions,86,835,thaddeus-moss,Thaddeus Moss,TE,28,"6'3""",249,LSU,https://b.fssta.com/uploads/application/fs-app/default-headshot.vresize.140.170.medium.0.png,football/usfl/athletes/835
2023,2,birmingham-stallions,Birmingham Stallions,23,847,ricky-person-jr,Ricky Person Jr.,RB,26,"6'1""",220,North Carolina State,https://b.fssta.com/uploads/application/fs-app/default-headshot.vresize.140.170.medium.0.png,football/usfl/athletes/847
2023,2,birmingham-stallions,Birmingham Stallions,73,282,ryan-pope,Ryan Pope,T,29,"6'7""",315,San Diego State,https://b.fssta.com/uploads/application/usfl/headshots/282.vresize.140.170.medium.1.png,football/usfl/athletes/282
2023,2,birmingham-stallions,Birmingham Stallions,19,12,peyton-ramzy,Peyton Ramzy,WR,29,"6'1""",173,Tuskegee,https://b.fssta.com/uploads/application/usfl/headshots/12.vresize.140.170.medium.1.png,football/usfl/athletes/12
2023,2,birmingham-stallions,Birmingham Stallions,-,940,amari-rodgers,Amari Rodgers,WR,-,"5'10""",210,Clemson,https://b.fssta.com/uploads/application/fs-app/default-headshot.vresize.140.170.medium.0.png,football/usfl/athletes/940
2023,2,birmingham-stallions,Birmingham Stallions,67,518,jahmir-johnson,Jahmir Ross-Johnson,T,28,"6'5""",300,Texas A&M,https://b.fssta.com/uploads/application/usfl/headshots/518.vresize.140.170.medium.1.png,football/usfl/athletes/518
2023,2,birmingham-stallions,Birmingham Stallions,25,414,bo-scarbrough,Bo Scarbrough,RB,31,"6'1""",235,Alabama,https://b.fssta.com/uploads/application/usfl/headshots/414.vresize.140.170.medium.1.png,football/usfl/athletes/414
2023,2,birmingham-stallions,Birmingham Stallions,65,828,cole-schneider,Cole Schneider,G,27,"6'3""",315,UCF,https://b.fssta.com/uploads/application/usfl/headshots/828.vresize.140.170.medium.1.png,football/usfl/athletes/828
2023,2,birmingham-stallions,Birmingham Stallions,3,130,kyle-sloter,Kyle Sloter,QB,32,"6'5""",218,Northern Colorado,https://b.fssta.com/uploads/application/usfl/headshots/130.vresize.140.170.medium.1.png,football/usfl/athletes/130
2023,2,birmingham-stallions,Birmingham Stallions,6,3,jmar-smith,J'Mar Smith,QB,29,"6'1""",218,Louisiana Tech,https://b.fssta.com/uploads/application/usfl/headshots/3.vresize.140.170.medium.1.png,football/usfl/athletes/3
2023,2,birmingham-stallions,Birmingham Stallions,12,681,jace-sternberger,Jace Sternberger,TE,30,"6'4""",251,Texas A&M,https://b.fssta.com/uploads/application/usfl/headshots/681.vresize.140.170.medium.1.png,football/usfl/athletes/681
2023,2,birmingham-stallions,Birmingham Stallions,-,946,armani-taylor-prioleau,Armani Taylor-Prioleau,T,-,"6'9""",310,South Carolina State,https://b.fssta.com/uploads/application/fs-app/default-headshot.vresize.140.170.medium.0.png,football/usfl/athletes/946
2023,2,birmingham-stallions,Birmingham Stallions,-,947,binjimen-victor,Binjimen Victor,WR,-,"6'4""",199,Ohio State,https://b.fssta.com/uploads/application/fs-app/default-headshot.vresize.140.170.medium.0.png,football/usfl/athletes/947
2023,2,birmingham-stallions,Birmingham Stallions,79,841,trevour-wallace-simms,Tre'Vour Wallace-Simms,G,28,"6'5""",330,Missouri,https://b.fssta.com/uploads/application/fs-app/default-headshot.vresize.140.170.medium.0.png,football/usfl/athletes/841
2023,2,birmingham-stallions,Birmingham Stallions,-,908,isaac-weaver,Isaac Weaver,C,28,"6'6""",310,Old Dominion,https://b.fssta.com/uploads/application/fs-app/default-headshot.vresize.140.170.medium.0.png,football/usfl/athletes/908
2023,2,birmingham-stallions,Birmingham Stallions,4,667,zaquandre-white,Zaquandre White,RB,27,"6'1""",215,South Carolina,https://b.fssta.com/uploads/application/usfl/headshots/667.vresize.140.170.medium.1.png,football/usfl/athletes/667
2023,2,birmingham-stallions,Birmingham Stallions,17,281,marlon-williams,Marlon Williams,WR,26,"5'11""",204,UCF,https://b.fssta.com/uploads/application/usfl/headshots/281.vresize.140.170.medium.1.png,football/usfl/athletes/281
2023,2,birmingham-stallions,Birmingham Stallions,29,20,brian-allen,Brian Allen,CB,32,"6'3""",210,Utah,https://b.fssta.com/uploads/application/usfl/headshots/20.vresize.140.170.medium.1.png,football/usfl/athletes/20
2023,2,birmingham-stallions,Birmingham Stallions,26,617,nate-brooks,Nate Brooks,CB,30,"6'0""",192,North Texas,https://b.fssta.com/uploads/application/usfl/headshots/617.vresize.140.170.medium.1.png,football/usfl/athletes/617
2023,2,birmingham-stallions,Birmingham Stallions,50,479,keyshon-camp,Keyshon Camp,DT,28,"6'2""",283,Pittsburgh,https://b.fssta.com/uploads/application/usfl/headshots/479.vresize.140.170.medium.1.png,football/usfl/athletes/479
2023,2,birmingham-stallions,Birmingham Stallions,7,812,tj-carter-2,TJ Carter,S,27,"5'11""",193,TCU,https://b.fssta.com/uploads/application/usfl/headshots/812.vresize.140.170.medium.1.png,football/usfl/athletes/812
2023,2,birmingham-stallions,Birmingham Stallions,-,912,madre-harper,Madre Harper,CB,28,"6'1""",196,Southern Illinois,https://b.fssta.com/uploads/application/fs-app/default-headshot.vresize.140.170.medium.0.png,football/usfl/athletes/912
2023,2,birmingham-stallions,Birmingham Stallions,96,400,willie-henry,Willie Henry,DT,32,"6'3""",295,Michigan,https://b.fssta.com/uploads/application/usfl/headshots/400.vresize.140.170.medium.1.png,football/usfl/athletes/400
2023,2,birmingham-stallions,Birmingham Stallions,36,289,nate-holley,Nate Holley,LB,31,"6'1""",210,Kent State,https://b.fssta.com/uploads/application/usfl/headshots/289.vresize.140.170.medium.1.png,football/usfl/athletes/289
2023,2,birmingham-stallions,Birmingham Stallions,-,930,travin-howard,Travin Howard,LB,30,"6'1""",219,TCU,https://b.fssta.com/uploads/application/fs-app/default-headshot.vresize.140.170.medium.0.png,football/usfl/athletes/930
2023,2,birmingham-stallions,Birmingham Stallions,-,904,daniel-joseph,Daniel Joseph,DE,29,"6'3""",265,North Carolina State,https://b.fssta.com/uploads/application/fs-app/default-headshot.vresize.140.170.medium.0.png,football/usfl/athletes/904
2023,2,birmingham-stallions,Birmingham Stallions,-,213,carlo-kemp,Carlo Kemp,DE,28,"6'5""",240,Michigan,https://b.fssta.com/uploads/application/usfl/headshots/213.vresize.140.170.medium.1.png,football/usfl/athletes/213
2023,2,birmingham-stallions,Birmingham Stallions,51,887,damon-lloyd,Damon Lloyd,LB,28,"6'0""",235,Indiana (PA),https://b.fssta.com/uploads/application/fs-app/default-headshot.vresize.140.170.medium.0.png,football/usfl/athletes/887
2023,2,birmingham-stallions,Birmingham Stallions,5,24,christian-mcfarland,Christian McFarland,S,27,"5'11""",200,Idaho State,https://b.fssta.com/uploads/application/usfl/headshots/24.vresize.140.170.medium.1.png,football/usfl/athletes/24
2023,2,birmingham-stallions,Birmingham Stallions,21,33,bryan-mills,Bryan Mills,CB,26,"6'1""",174,North Carolina Central,https://b.fssta.com/uploads/application/usfl/headshots/33.vresize.140.170.medium.1.png,football/usfl/athletes/33
2023,2,birmingham-stallions,Birmingham Stallions,-,941,demarcus-mitchell,DeMarcus Mitchell,DE,-,"6'3""",265,Purdue,https://b.fssta.com/uploads/application/fs-app/default-headshot.vresize.140.170.medium.0.png,football/usfl/athletes/941
2023,2,birmingham-stallions,Birmingham Stallions,47,689,joe-ozougwu,JoJo Ozougwu,DE,28,"6'2""",236,Arkansas State,https://b.fssta.com/uploads/application/usfl/headshots/689.vresize.140.170.medium.1.png,football/usfl/athletes/689
2023,2,birmingham-stallions,Birmingham Stallions,-,928,kenny-robinson,Kenny Robinson,S,27,"6'2""",200,West Virginia,https://b.fssta.com/uploads/application/fs-app/default-headshot.vresize.140.170.medium.0.png,football/usfl/athletes/928
2023,2,birmingham-stallions,Birmingham Stallions,35,593,rashad-smith,Rashad Smith,LB,29,"6'1""",220,Florida Atlantic,https://b.fssta.com/uploads/application/usfl/headshots/593.vresize.140.170.medium.1.png,football/usfl/athletes/593
2023,2,birmingham-stallions,Birmingham Stallions,57,522,elijah-sullivan,Elijah Sullivan,LB,29,"6'0""",225,Kansas State,https://b.fssta.com/uploads/application/usfl/headshots/522.vresize.140.170.medium.1.png,football/usfl/athletes/522
2023,2,birmingham-stallions,Birmingham Stallions,31,216,kyahva-tezino,Kyahva Tezino,LB,29,"6'0""",235,San Diego State,https://b.fssta.com/uploads/application/usfl/headshots/216.vresize.140.170.medium.1.png,football/usfl/athletes/216
2023,2,birmingham-stallions,Birmingham Stallions,78,369,jordan-thompson,Jordan Thompson,DE,29,"6'2""",292,Northwestern,https://b.fssta.com/uploads/application/usfl/headshots/369.vresize.140.170.medium.1.png,football/usfl/athletes/369
2023,2,birmingham-stallions,Birmingham Stallions,27,287,jojo-tillery,JoJo Tillery,S,29,"6'2""",210,Wofford,https://b.fssta.com/uploads/application/usfl/headshots/287.vresize.140.170.medium.1.png,football/usfl/athletes/287
2023,2,birmingham-stallions,Birmingham Stallions,99,290,dondrea-tillman,Dondrea Tillman,DE,28,"6'3""",270,Indiana (PA),https://b.fssta.com/uploads/application/usfl/headshots/290.vresize.140.170.medium.1.png,football/usfl/athletes/290
2023,2,birmingham-stallions,Birmingham Stallions,-,943,jaylen-twyman,Jaylen Twyman,DE,26,"6'2""",299,Pittsburgh,https://b.fssta.com/uploads/application/fs-app/default-headshot.vresize.140.170.medium.0.png,football/usfl/athletes/943
2023,2,birmingham-stallions,Birmingham Stallions,-,915,curtis-weaver,Curtis Weaver,DE,-,"6'3""",265,Boise State,https://b.fssta.com/uploads/application/fs-app/default-headshot.vresize.140.170.medium.0.png,football/usfl/athletes/915
2023,2,birmingham-stallions,Birmingham Stallions,-,925,marvin-wilson,Marvin Wilson,DT,27,"6'5""",305,Florida State,https://b.fssta.com/uploads/application/fs-app/default-headshot.vresize.140.170.medium.0.png,football/usfl/athletes/925
2023,2,birmingham-stallions,Birmingham Stallions,33,11,scooby-wright-iii,Scooby Wright,LB,31,"6'1""",246,Arizona,https://b.fssta.com/uploads/application/usfl/headshots/11.vresize.140.170.medium.1.png,football/usfl/athletes/11
2023,2,birmingham-stallions,Birmingham Stallions,97,35,willie-yarbary,Willie Yarbary,DL,30,"6'3""",295,Wake Forest,https://b.fssta.com/uploads/application/usfl/headshots/35.vresize.140.170.medium.1.png,football/usfl/athletes/35
2023,2,birmingham-stallions,Birmingham Stallions,41,387,ryan-langan,Ryan Langan,LS,27,"6'2""",238,Georgia Southern,https://b.fssta.com/uploads/application/usfl/headshots/387.vresize.140.170.medium.1.png,football/usfl/athletes/387
2023,2,birmingham-stallions,Birmingham Stallions,15,18,colby-wadman,Colby Wadman,P,31,"6'1""",185,UC Davis,https://b.fssta.com/uploads/application/usfl/headshots/18.vresize.140.170.medium.1.png,football/usfl/athletes/18
2023,4,philadelphia-stars,Philadelphia Stars,84,535,samuel-akem,Samuel Akem,WR,28,"6'3""",205,Montana,https://b.fssta.com/uploads/application/usfl/headshots/535.vresize.140.170.medium.1.png,football/usfl/athletes/535
2023,4,philadelphia-stars,Philadelphia Stars,-,923,kennedy-brooks,Kennedy Brooks,RB,27,"5'11""",213,Oklahoma,https://b.fssta.com/uploads/application/fs-app/default-headshot.vresize.140.170.medium.0.png,football/usfl/athletes/923
2023,4,philadelphia-stars,Philadelphia Stars,73,57,jacob-burton,Jacob Burton,OL,28,"6'6""",312,Baylor,https://b.fssta.com/uploads/application/usfl/headshots/57.vresize.140.170.medium.1.png,football/usfl/athletes/57
2023,4,philadelphia-stars,Philadelphia Stars,5,40,matt-colburn-ii,Matt Colburn II,RB,28,"5'10""",201,Wake Forest,https://b.fssta.com/uploads/application/usfl/headshots/40.vresize.140.170.medium.1.png,football/usfl/athletes/40
2023,4,philadelphia-stars,Philadelphia Stars,1,705,corey-coleman,Corey Coleman,WR,32,"5'11""",185,Baylor,https://b.fssta.com/uploads/application/usfl/headshots/705.vresize.140.170.medium.1.png,football/usfl/athletes/705
2023,4,philadelphia-stars,Philadelphia Stars,10,65,case-cookus,Case Cookus,QB,30,"6'4""",205,Northern Arizona,https://b.fssta.com/uploads/application/usfl/headshots/65.vresize.140.170.medium.1.png,football/usfl/athletes/65
2023,4,philadelphia-stars,Philadelphia Stars,-,898,warren-ericson,Warren Ericson,G,-,"6'4""",305,Georgia,https://b.fssta.com/uploads/application/fs-app/default-headshot.vresize.140.170.medium.0.png,football/usfl/athletes/898
2023,4,philadelphia-stars,Philadelphia Stars,70,804,shamarious-gilmore,Shamarious Gilmore,G,28,"6'3""",295,Georgia State,https://b.fssta.com/uploads/application/usfl/headshots/804.vresize.140.170.medium.1.png,football/usfl/athletes/804
2023,4,philadelphia-stars,Philadelphia Stars,7,37,devin-gray,Devin Gray,WR,31,"6'0""",192,Cincinnati,https://b.fssta.com/uploads/application/usfl/headshots/37.vresize.140.170.medium.1.png,football/usfl/athletes/37
2023,4,philadelphia-stars,Philadelphia Stars,80,871,cyril-grayson,Cyril Grayson,WR,32,"5'9""",183,LSU,https://b.fssta.com/uploads/application/fs-app/default-headshot.vresize.140.170.medium.0.png,football/usfl/athletes/871
2023,4,philadelphia-stars,Philadelphia Stars,78,864,drew-himmelman,Drew Himmelman,OL,29,"6'8""",325,Illinois State,https://b.fssta.com/uploads/application/fs-app/default-headshot.vresize.140.170.medium.0.png,football/usfl/athletes/864
2023,4,philadelphia-stars,Philadelphia Stars,85,657,ryan-izzo,Ryan Izzo,TE,30,"6'5""",235,Florida State,https://b.fssta.com/uploads/application/usfl/headshots/657.vresize.140.170.medium.1.png,football/usfl/athletes/657
2023,4,philadelphia-stars,Philadelphia Stars,72,859,khalil-keith,Khalil Keith,G,-,"6'5""",314,Baylor,https://b.fssta.com/uploads/application/fs-app/default-headshot.vresize.140.170.medium.0.png,football/usfl/athletes/859
2023,4,philadelphia-stars,Philadelphia Stars,19,421,vad-lee,Vad Lee,QB,33,"6'2""",213,James Madison,https://b.fssta.com/uploads/application/usfl/headshots/421.vresize.140.170.medium.1.png,football/usfl/athletes/421
2023,4,philadelphia-stars,Philadelphia Stars,67,452,colby-ragland,Colby Ragland,T,28,"6'5""",315,UAB,https://b.fssta.com/uploads/application/usfl/headshots/452.vresize.140.170.medium.1.png,football/usfl/athletes/452
2023,4,philadelphia-stars,Philadelphia Stars,12,297,chris-rowland,Chris Rowland,WR,28,"5'8""",179,Tennessee State,https://b.fssta.com/uploads/application/usfl/headshots/297.vresize.140.170.medium.1.png,football/usfl/athletes/297
2023,4,philadelphia-stars,Philadelphia Stars,-,911,seth-rowland,Seth Rowland,RB,-,"5'6""",185,Tennessee State,https://b.fssta.com/uploads/application/fs-app/default-headshot.vresize.140.170.medium.0.png,football/usfl/athletes/911
2023,4,philadelphia-stars,Philadelphia Stars,72,709,jordan-steckler,Jordan Steckler,T,29,"6'5""",305,Northern Illinois,https://b.fssta.com/uploads/application/usfl/headshots/709.vresize.140.170.medium.1.png,football/usfl/athletes/709
2023,4,philadelphia-stars,Philadelphia Stars,2,50,jordan-suell,Jordan Suell,WR,29,"6'6""",205,Southern Oregon,https://b.fssta.com/uploads/application/usfl/headshots/50.vresize.140.170.medium.1.png,football/usfl/athletes/50
2023,4,philadelphia-stars,Philadelphia Stars,61,611,tristen-taylor,Tristen Taylor,T,29,"6'6""",330,Eastern Washington,https://b.fssta.com/uploads/application/usfl/headshots/611.vresize.140.170.medium.1.png,football/usfl/athletes/611
2023,4,philadelphia-stars,Philadelphia Stars,25,298,paul-terry,Paul Terry,RB,28,"5'8""",205,Eastern New Mexico,https://b.fssta.com/uploads/application/usfl/headshots/298.vresize.140.170.medium.1.png,football/usfl/athletes/298
2023,4,philadelphia-stars,Philadelphia Stars,13,619,kevin-thomson,Kevin Thomson,QB,30,"6'1""",220,Washington,https://b.fssta.com/uploads/application/usfl/headshots/619.vresize.140.170.medium.1.png,football/usfl/athletes/619
2023,4,philadelphia-stars,Philadelphia Stars,77,888,chris-toth,Chris Toth,OL,-,"6'6""",325,Aurora,https://b.fssta.com/uploads/application/fs-app/default-headshot.vresize.140.170.medium.0.png,football/usfl/athletes/888
2023,4,philadelphia-stars,Philadelphia Stars,17,626,keric-wheatfall,Keric Wheatfall,WR,27,"6'2""",194,Fresno State,https://b.fssta.com/uploads/application/usfl/headshots/626.vresize.140.170.medium.1.png,football/usfl/athletes/626
2023,4,philadelphia-stars,Philadelphia Stars,27,498,dexter-williams,Dexter Williams,RB,29,"5'11""",212,Notre Dame,https://b.fssta.com/uploads/application/usfl/headshots/498.vresize.140.170.medium.1.png,football/usfl/athletes/498
2023,4,philadelphia-stars,Philadelphia Stars,6,885,jamyest-williams,Jamyest Williams,RB,27,"5'9""",185,Georgia State,https://b.fssta.com/uploads/application/fs-app/default-headshot.vresize.140.170.medium.0.png,football/usfl/athletes/885
2023,4,philadelphia-stars,Philadelphia Stars,9,793,terry-wright,Terry Wright,WR,29,"5'10""",177,Purdue,https://b.fssta.com/uploads/application/usfl/headshots/793.vresize.140.170.medium.1.png,football/usfl/athletes/793
2023,4,philadelphia-stars,Philadelphia Stars,50,670,joey-alfieri,Joey Alfieri,LB,30,"6'3""",239,Stanford,https://b.fssta.com/uploads/application/usfl/headshots/670.vresize.140.170.medium.1.png,football/usfl/athletes/670
2023,4,philadelphia-stars,Philadelphia Stars,-,900,auzoyah-alufohai,Auzoyah Alufohai,NT,29,"6'4""",320,West Georgia,https://b.fssta.com/uploads/application/fs-app/default-headshot.vresize.140.170.medium.0.png,football/usfl/athletes/900
2023,4,philadelphia-stars,Philadelphia Stars,49,856,bj-bello,B.J. Bello,LB,31,"6'3""",220,Illinois State,https://b.fssta.com/uploads/application/fs-app/default-headshot.vresize.140.170.medium.0.png,football/usfl/athletes/856
2023,4,philadelphia-stars,Philadelphia Stars,21,53,cody-brown,Cody Brown,S,32,"6'0""",201,Arkansas State,https://b.fssta.com/uploads/application/usfl/headshots/53.vresize.140.170.medium.1.png,football/usfl/athletes/53
2023,4,philadelphia-stars,Philadelphia Stars,92,615,tyler-clark,Tyler Clark,DT,27,"6'4""",300,Georgia,https://b.fssta.com/uploads/application/usfl/headshots/615.vresize.140.170.medium.1.png,football/usfl/athletes/615
2023,4,philadelphia-stars,Philadelphia Stars,22,42,tevon-coney,Te'Von Coney,LB,29,"6'1""",230,Notre Dame,https://b.fssta.com/uploads/application/usfl/headshots/42.vresize.140.170.medium.1.png,football/usfl/athletes/42
2023,4,philadelphia-stars,Philadelphia Stars,40,845,joel-dublanko,Joel Dublanko,LB,28,"6'3""",240,Cincinnati,https://b.fssta.com/uploads/application/fs-app/default-headshot.vresize.140.170.medium.0.png,football/usfl/athletes/845
2023,4,philadelphia-stars,Philadelphia Stars,98,799,ali-fayad,Ali Fayad,DE,27,"6'2""",250,Western Michigan,https://b.fssta.com/uploads/application/usfl/headshots/799.vresize.140.170.medium.1.png,football/usfl/athletes/799
2023,4,philadelphia-stars,Philadelphia Stars,45,880,ryan-greenhagen,Ryan Greenhagen,LB,-,"6'1""",243,Fordham,https://b.fssta.com/uploads/application/fs-app/default-headshot.vresize.140.170.medium.0.png,football/usfl/athletes/880
2023,4,philadelphia-stars,Philadelphia Stars,44,687,darius-hodge,Darius Hodge,DE,28,"6'2""",245,Marshall,https://b.fssta.com/uploads/application/fs-app/default-headshot.vresize.140.170.medium.0.png,football/usfl/athletes/687
2023,4,philadelphia-stars,Philadelphia Stars,-,913,daniel-isom,Daniel Isom,CB,28,"5'10""",191,Washington State,https://b.fssta.com/uploads/application/fs-app/default-headshot.vresize.140.170.medium.0.png,football/usfl/athletes/913
2023,4,philadelphia-stars,Philadelphia Stars,90,392,cedrick-lattimore,Cedrick Lattimore,DT,28,"6'3""",295,Iowa,https://b.fssta.com/uploads/application/usfl/headshots/392.vresize.140.170.medium.1.png,football/usfl/athletes/392
2023,4,philadelphia-stars,Philadelphia Stars,0,782,destin-mack,Destin Mack,CB,-,"6'0""",195,Citadel,https://b.fssta.com/uploads/application/fs-app/default-headshot.vresize.140.170.medium.0.png,football/usfl/athletes/782
2023,4,philadelphia-stars,Philadelphia Stars,18,487,joshua-moon,Joshua Moon,S,29,"6'0""",200,Georgia Southern,https://b.fssta.com/uploads/application/usfl/headshots/487.vresize.140.170.medium.1.png,football/usfl/athletes/487
2023,4,philadelphia-stars,Philadelphia Stars,30,884,carlins-platel,Carlins Platel,CB,26,"6'1""",205,South Carolina,https://b.fssta.com/uploads/application/fs-app/default-headshot.vresize.140.170.medium.0.png,football/usfl/athletes/884
2023,4,philadelphia-stars,Philadelphia Stars,58,300,adam-rodriguez,Adam Rodriguez,DE,28,"6'2""",245,Weber State,https://b.fssta.com/uploads/application/usfl/headshots/300.vresize.140.170.medium.1.png,football/usfl/athletes/300
2023,4,philadelphia-stars,Philadelphia Stars,3,605,stanford-samuels-iii,Stanford Samuels III,CB,27,"6'1""",187,Florida State,https://b.fssta.com/uploads/application/usfl/headshots/605.vresize.140.170.medium.1.png,football/usfl/athletes/605
2023,4,philadelphia-stars,Philadelphia Stars,94,614,jordon-scott,Jordon Scott,DT,27,"6'1""",311,Oregon,https://b.fssta.com/uploads/application/usfl/headshots/614.vresize.140.170.medium.1.png,football/usfl/athletes/614
2023,4,philadelphia-stars,Philadelphia Stars,55,299,gabriel-sewell-jr,Gabriel Sewell Jr.,LB,29,"6'0""",245,Nevada,https://b.fssta.com/uploads/application/usfl/headshots/299.vresize.140.170.medium.1.png,football/usfl/athletes/299
2023,4,philadelphia-stars,Philadelphia Stars,8,70,channing-stribling,Channing Stribling,CB,31,"6'2""",191,Michigan,https://b.fssta.com/uploads/application/usfl/headshots/70.vresize.140.170.medium.1.png,football/usfl/athletes/70
2023,4,philadelphia-stars,Philadelphia Stars,99,797,carson-taylor,Carson Taylor,DE,28,"6'4""",251,Northern Arizona,https://b.fssta.com/uploads/application/usfl/headshots/797.vresize.140.170.medium.1.png,football/usfl/athletes/797
2023,4,philadelphia-stars,Philadelphia Stars,33,612,devin-taylor,Devin Taylor,DB,28,"6'1""",200,Bowling Green,https://b.fssta.com/uploads/application/usfl/headshots/612.vresize.140.170.medium.1.png,football/usfl/athletes/612
2023,4,philadelphia-stars,Philadelphia Stars,4,59,ladarius-wiley,LaDarius Wiley,S,30,"6'1""",210,Vanderbilt,https://b.fssta.com/uploads/application/usfl/headshots/59.vresize.140.170.medium.1.png,football/usfl/athletes/59
2023,4,philadelphia-stars,Philadelphia Stars,39,551,denzel-williams,Denzel Williams,DB,28,"5'10""",190,Villanova,https://b.fssta.com/uploads/application/usfl/headshots/551.vresize.140.170.medium.1.png,football/usfl/athletes/551
2023,4,philadelphia-stars,Philadelphia Stars,15,422,luis-aguilar,Luis Aguilar,P,28,"6'3""",200,Northern Arizona,https://b.fssta.com/uploads/application/usfl/headshots/422.vresize.140.170.medium.1.png,football/usfl/athletes/422
2023,4,philadelphia-stars,Philadelphia Stars,11,862,lirim-hajrullahu,Lirim Hajrullahu,K,36,"5'11""",215,Western Ontario,https://b.fssta.com/uploads/application/fs-app/default-headshot.vresize.140.170.medium.0.png,football/usfl/athletes/862
2023,4,philadelphia-stars,Philadelphia Stars,69,43,ryan-navarro,Ryan Navarro,LS,32,"6'2""",223,Oregon State,https://b.fssta.com/uploads/application/usfl/headshots/43.vresize.140.170.medium.1.png,football/usfl/athletes/43
2023,6,houston-gamblers,Houston Gamblers,11,84,kenji-bahar,Kenji Bahar,QB,28,"6'3""",200,Monmouth,https://b.fssta.com/uploads/application/usfl/headshots/84.vresize.140.170.medium.1.png,football/usfl/athletes/84
2023,6,houston-gamblers,Houston Gamblers,66,96,nick-buchanan,Nick Buchanan,C,29,"6'3""",303,Florida,https://b.fssta.com/uploads/application/usfl/headshots/96.vresize.140.170.medium.1.png,football/usfl/athletes/96
2023,6,houston-gamblers,Houston Gamblers,88,881,emmanuel-butler,Emmanuel Butler,RB,29,"6'3""",221,Northern Arizona,https://b.fssta.com/uploads/application/fs-app/default-headshot.vresize.140.170.medium.0.png,football/usfl/athletes/881
2023,6,houston-gamblers,Houston Gamblers,81,545,keke-chism,Keke Chism,WR,27,"6'5""",214,Missouri,https://b.fssta.com/uploads/application/usfl/headshots/545.vresize.140.170.medium.1.png,football/usfl/athletes/545
2023,6,houston-gamblers,Houston Gamblers,-,948,gene-coleman-ii,Gene Coleman II,WR,-,"5'11""",195,Delaware,https://b.fssta.com/uploads/application/fs-app/default-headshot.vresize.140.170.medium.0.png,football/usfl/athletes/948
2023,6,houston-gamblers,Houston Gamblers,6,391,montell-cozart,Montell Cozart,QB,30,"6'2""",205,Boise State,https://b.fssta.com/uploads/application/usfl/headshots/391.vresize.140.170.medium.1.png,football/usfl/athletes/391
2023,6,houston-gamblers,Houston Gamblers,-,942,tiyon-evans,Tiyon Evans,RB,-,"5'11""",210,Louisville,https://b.fssta.com/uploads/application/fs-app/default-headshot.vresize.140.170.medium.0.png,football/usfl/athletes/942
2023,6,houston-gamblers,Houston Gamblers,-,85,avery-gennesy,Avery Gennesy,OL,32,"6'4""",321,Texas A&M,https://b.fssta.com/uploads/application/usfl/headshots/85.vresize.140.170.medium.1.png,football/usfl/athletes/85
2023,6,houston-gamblers,Houston Gamblers,-,939,jarrett-guarantano,Jarrett Guarantano,QB,28,"6'4""",220,Washington State,https://b.fssta.com/uploads/application/fs-app/default-headshot.vresize.140.170.medium.0.png,football/usfl/athletes/939
2023,6,houston-gamblers,Houston Gamblers,17,597,justin-hall,Justin Hall,WR,27,"5'8""",189,Ball State,https://b.fssta.com/uploads/application/usfl/headshots/597.vresize.140.170.medium.1.png,football/usfl/athletes/597
2023,6,houston-gamblers,Houston Gamblers,4,842,shermari-jones,Shermari Jones,RB,25,"6'1""",220,Coastal Carolina,https://b.fssta.com/uploads/application/fs-app/default-headshot.vresize.140.170.medium.0.png,football/usfl/athletes/842
2023,6,houston-gamblers,Houston Gamblers,65,819,jair-joseph,Jair Joseph,G,29,"6'3""",308,Nicholls State,https://b.fssta.com/uploads/application/usfl/headshots/819.vresize.140.170.medium.1.png,football/usfl/athletes/819
2023,6,houston-gamblers,Houston Gamblers,24,490,benny-lemay,Benny LeMay,RB,28,"5'9""",215,Charlotte,https://b.fssta.com/uploads/application/usfl/headshots/490.vresize.140.170.medium.1.png,football/usfl/athletes/490
2023,6,houston-gamblers,Houston Gamblers,29,643,tj-pledger,T.J. Pledger,RB,26,"5'8""",196,Utah,https://b.fssta.com/uploads/application/usfl/headshots/643.vresize.140.170.medium.1.png,football/usfl/athletes/643
2023,6,houston-gamblers,Houston Gamblers,86,823,rodell-rahmaan,Rodell Rahmaan,TE,27,"6'3""",230,Tennessee State,https://b.fssta.com/uploads/application/usfl/headshots/823.vresize.140.170.medium.1.png,football/usfl/athletes/823
2023,6,houston-gamblers,Houston Gamblers,1,71,anthony-ratliff-williams,Anthony Ratliff-Williams,WR,29,"6'1""",200,North Carolina,https://b.fssta.com/uploads/application/usfl/headshots/71.vresize.140.170.medium.1.png,football/usfl/athletes/71
2023,6,houston-gamblers,Houston Gamblers,-,936,justin-redd,Justin Redd,T,-,"6'4""",328,East Carolina,https://b.fssta.com/uploads/application/fs-app/default-headshot.vresize.140.170.medium.0.png,football/usfl/athletes/936
2023,6,houston-gamblers,Houston Gamblers,9,307,teo-redding,Teo Redding,WR,31,"6'1""",176,Bowling Green,https://b.fssta.com/uploads/application/usfl/headshots/307.vresize.140.170.medium.1.png,football/usfl/athletes/307
2023,6,houston-gamblers,Houston Gamblers,-,893,jakari-robinson,Jakari Robinson,G,-,"6'1""",311,Bowling Green,https://b.fssta.com/uploads/application/fs-app/default-headshot.vresize.140.170.medium.0.png,football/usfl/athletes/893
2023,6,houston-gamblers,Houston Gamblers,51,577,naty-rodgers,Na'Ty Rodgers,T,31,"6'5""",305,Houston,https://b.fssta.com/uploads/application/usfl/headshots/577.vresize.140.170.medium.1.png,football/usfl/athletes/577
2023,6,houston-gamblers,Houston Gamblers,42,525,clint-sigg-jr,Clint Sigg Jr.,TE,29,"6'4""",242,Lindenwood,https://b.fssta.com/uploads/application/usfl/headshots/525.vresize.140.170.medium.1.png,football/usfl/athletes/525
2023,6,houston-gamblers,Houston Gamblers,7,95,mark-thompson,Mark Thompson,RB,31,"6'2""",235,Florida,https://b.fssta.com/uploads/application/usfl/headshots/95.vresize.140.170.medium.1.png,football/usfl/athletes/95
2023,6,houston-gamblers,Houston Gamblers,92,304,josh-avery,Josh Avery,DT,30,"6'4""",320,Southeast Missouri State,https://b.fssta.com/uploads/application/usfl/headshots/304.vresize.140.170.medium.1.png,football/usfl/athletes/304
2023,6,houston-gamblers,Houston Gamblers,15,609,ronheen-bingham,Ronheen Bingham,LB,30,"6'2""",242,Arkansas State,https://b.fssta.com/uploads/application/usfl/headshots/609.vresize.140.170.medium.1.png,football/usfl/athletes/609
2023,6,houston-gamblers,Houston Gamblers,45,701,tim-bonner,Tim Bonner,DE,30,"6'5""",250,Florida Atlantic,https://b.fssta.com/uploads/application/usfl/headshots/701.vresize.140.170.medium.1.png,football/usfl/athletes/701
2023,6,houston-gamblers,Houston Gamblers,-,902,richard-bowens-iii,Richard Bowens III,CB,27,"6'1""",193,Saginaw Valley State,https://b.fssta.com/uploads/application/fs-app/default-headshot.vresize.140.170.medium.0.png,football/usfl/athletes/902
2023,6,houston-gamblers,Houston Gamblers,22,93,manny-bunch,Manny Bunch,S,28,"6'1""",210,Tulsa,https://b.fssta.com/uploads/application/usfl/headshots/93.vresize.140.170.medium.1.png,football/usfl/athletes/93
2023,6,houston-gamblers,Houston Gamblers,40,470,isaiah-chambers,Isaiah Chambers,DE,28,"6'5""",251,McNeese State,https://b.fssta.com/uploads/application/usfl/headshots/470.vresize.140.170.medium.1.png,football/usfl/athletes/470
2023,6,houston-gamblers,Houston Gamblers,99,814,damion-daniels,Damion Daniels,DT,26,"6'3""",325,Nebraska,https://b.fssta.com/uploads/application/usfl/headshots/814.vresize.140.170.medium.1.png,football/usfl/athletes/814
2023,6,houston-gamblers,Houston Gamblers,-,714,justin-ford,Justin Ford,CB,-,"6'0""",201,Montana,https://b.fssta.com/uploads/application/fs-app/default-headshot.vresize.140.170.medium.0.png,football/usfl/athletes/714
2023,6,houston-gamblers,Houston Gamblers,80,879,chris-garrett,Chris Garrett,LB,28,"6'4""",245,Concordia-St. Paul,https://b.fssta.com/uploads/application/fs-app/default-headshot.vresize.140.170.medium.0.png,football/usfl/athletes/879
2023,6,houston-gamblers,Houston Gamblers,20,553,nick-grant,Nick Grant,CB,28,"6'3""",185,Virginia,https://b.fssta.com/uploads/application/usfl/headshots/553.vresize.140.170.medium.1.png,football/usfl/athletes/553
2023,6,houston-gamblers,Houston Gamblers,31,889,jalen-green,Jalen Green,S,-,"6'1""",200,Mississippi State,https://b.fssta.com/uploads/application/fs-app/default-headshot.vresize.140.170.medium.0.png,football/usfl/athletes/889
2023,6,houston-gamblers,Houston Gamblers,-,935,jake-hlava,Jake Hlava,DL,-,"6'2""",245,Grand Valley State,https://b.fssta.com/uploads/application/fs-app/default-headshot.vresize.140.170.medium.0.png,football/usfl/athletes/935
2023,6,houston-gamblers,Houston Gamblers,55,746,jeffrey-johnson,Jeffery Johnson,DT,26,"6'2""",312,Oklahoma,https://b.fssta.com/uploads/application/fs-app/default-headshot.vresize.140.170.medium.0.png,football/usfl/athletes/746
2023,6,houston-gamblers,Houston Gamblers,2,412,jeremiah-johnson,Jeremiah Johnson,S,32,"6'1""",185,Concord (WV),https://b.fssta.com/uploads/application/usfl/headshots/412.vresize.140.170.medium.1.png,football/usfl/athletes/412
2023,6,houston-gamblers,Houston Gamblers,33,838,elijah-jones,Elijah Jones,CB,28,"6'0""",188,Oregon State,https://b.fssta.com/uploads/application/fs-app/default-headshot.vresize.140.170.medium.0.png,football/usfl/athletes/838
2023,6,houston-gamblers,Houston Gamblers,5,450,bydarrius-knighten,Bydarrius Knighten,CB,28,"6'1""",201,Auburn,https://b.fssta.com/uploads/application/usfl/headshots/450.vresize.140.170.medium.1.png,football/usfl/athletes/450
2023,6,houston-gamblers,Houston Gamblers,25,610,dayan-lake,Dayan Lake,S,28,"5'11""",197,BYU,https://b.fssta.com/uploads/application/usfl/headshots/610.vresize.140.170.medium.1.png,football/usfl/athletes/610
2023,6,houston-gamblers,Houston Gamblers,93,644,chigozie-nnoruka,Chigozie Nnoruka,DT,28,"6'2""",301,Miami (FL),https://b.fssta.com/uploads/application/usfl/headshots/644.vresize.140.170.medium.1.png,football/usfl/athletes/644
2023,6,houston-gamblers,Houston Gamblers,-,903,jai-nunn-liddell,Jai Nunn-Liddell,CB,-,"6'2""",190,Kentucky State,https://b.fssta.com/uploads/application/fs-app/default-headshot.vresize.140.170.medium.0.png,football/usfl/athletes/903
2023,6,houston-gamblers,Houston Gamblers,93,78,chris-odom,Chris Odom,DE,31,"6'4""",260,Arkansas State,https://b.fssta.com/uploads/application/usfl/headshots/78.vresize.140.170.medium.1.png,football/usfl/athletes/78
2023,6,houston-gamblers,Houston Gamblers,30,704,isaiah-pryor,Isaiah Pryor,LB,28,"6'1""",220,Notre Dame,https://b.fssta.com/uploads/application/usfl/headshots/704.vresize.140.170.medium.1.png,football/usfl/athletes/704
2023,6,houston-gamblers,Houston Gamblers,-,949,colby-richardson,Colby Richardson,CB,-,"6'1""",190,Louisiana State,https://b.fssta.com/uploads/application/fs-app/default-headshot.vresize.140.170.medium.0.png,football/usfl/athletes/949
2023,6,houston-gamblers,Houston Gamblers,-,950,markel-roby,Markel Roby,S,-,"6'0""",191,Pittsburgh State,https://b.fssta.com/uploads/application/fs-app/default-headshot.vresize.140.170.medium.0.png,football/usfl/athletes/950
2023,6,houston-gamblers,Houston Gamblers,-,906,elijah-rodgers,Elijah Rodgers,CB,25,"5'11""",182,Clemson,https://b.fssta.com/uploads/application/fs-app/default-headshot.vresize.140.170.medium.0.png,football/usfl/athletes/906
2023,6,houston-gamblers,Houston Gamblers,38,646,donald-rutledge-jr,Donald Rutledge Jr.,DB,29,"6'1""",215,Georgia Southern,https://b.fssta.com/uploads/application/usfl/headshots/646.vresize.140.170.medium.1.png,football/usfl/athletes/646
2023,6,houston-gamblers,Houston Gamblers,27,817,marcel-spears-jr,Marcel Spears Jr.,LB,29,"5'11""",221,Iowa State,https://b.fssta.com/uploads/application/usfl/headshots/817.vresize.140.170.medium.1.png,football/usfl/athletes/817
2023,6,houston-gamblers,Houston Gamblers,50,865,guy-thomas,Guy Thomas,DE,26,"6'2""",230,Colorado,https://b.fssta.com/uploads/application/fs-app/default-headshot.vresize.140.170.medium.0.png,football/usfl/athletes/865
2023,6,houston-gamblers,Houston Gamblers,44,675,khalan-tolson,Khalan Tolson,LB,26,"6'0""",235,Illinois,https://b.fssta.com/uploads/application/usfl/headshots/675.vresize.140.170.medium.1.png,football/usfl/athletes/675
2023,6,houston-gamblers,Houston Gamblers,18,827,jt-tyler,J.T. Tyler,LB,28,"6'1""",225,Princeton,https://b.fssta.com/uploads/application/usfl/headshots/827.vresize.140.170.medium.1.png,football/usfl/athletes/827
2023,6,houston-gamblers,Houston Gamblers,59,524,reggie-walker,Reggie Walker,DE,30,"6'1""",249,Kansas State,https://b.fssta.com/uploads/application/usfl/headshots/524.vresize.140.170.medium.1.png,football/usfl/athletes/524
2023,6,houston-gamblers,Houston Gamblers,21,77,isaiah-zuber,Isaiah Zuber,CB,29,"6'0""",190,Kansas State,https://b.fssta.com/uploads/application/usfl/headshots/77.vresize.140.170.medium.1.png,football/usfl/athletes/77
2023,6,houston-gamblers,Houston Gamblers,-,890,gabe-brkic,Gabe Brkic,K,26,"6'3""",201,Oklahoma,https://b.fssta.com/uploads/application/fs-app/default-headshot.vresize.140.170.medium.0.png,football/usfl/athletes/890
2023,6,houston-gamblers,Houston Gamblers,-,891,logan-klusman,Logan Klusman,LS,-,"6'1""",235,Kansas,https://b.fssta.com/uploads/application/fs-app/default-headshot.vresize.140.170.medium.0.png,football/usfl/athletes/891
2023,6,houston-gamblers,Houston Gamblers,94,851,hunter-niswander,Hunter Niswander,P,31,"6'5""",240,Northwestern,https://b.fssta.com/uploads/application/fs-app/default-headshot.vresize.140.170.medium.0.png,football/usfl/athletes/851
2023,7,new-orleans-breakers,New Orleans Breakers,9,114,jonathan-adams,Jonathan Adams,WR,27,"6'3""",220,Arkansas State,https://b.fssta.com/uploads/application/usfl/headshots/114.vresize.140.170.medium.1.png,football/usfl/athletes/114
2023,7,new-orleans-breakers,New Orleans Breakers,77,110,paul-adams,Paul Adams,T,31,"6'5""",317,Missouri,https://b.fssta.com/uploads/application/usfl/headshots/110.vresize.140.170.medium.1.png,football/usfl/athletes/110
2023,7,new-orleans-breakers,New Orleans Breakers,80,484,dee-anderson,Dee Anderson,WR,28,"6'6""",225,Alabama A&M,https://b.fssta.com/uploads/application/usfl/headshots/484.vresize.140.170.medium.1.png,football/usfl/athletes/484
2023,7,new-orleans-breakers,New Orleans Breakers,50,868,russell-baker,Russell Baker,T,-,"6'4""",315,Texas State,https://b.fssta.com/uploads/application/fs-app/default-headshot.vresize.140.170.medium.0.png,football/usfl/athletes/868
2023,7,new-orleans-breakers,New Orleans Breakers,-,329,marcus-baugh,Marcus Baugh,TE,31,"6'4""",246,Ohio State,https://b.fssta.com/uploads/application/usfl/headshots/329.vresize.140.170.medium.1.png,football/usfl/athletes/329
2023,7,new-orleans-breakers,New Orleans Breakers,17,672,davis-cheek,Davis Cheek,QB,27,"6'3""",217,Elon,https://b.fssta.com/uploads/application/usfl/headshots/672.vresize.140.170.medium.1.png,football/usfl/athletes/672
2023,7,new-orleans-breakers,New Orleans Breakers,-,929,sean-coyne,Sean Coyne,WR,-,"6'0""",190,New Hampshire,https://b.fssta.com/uploads/application/fs-app/default-headshot.vresize.140.170.medium.0.png,football/usfl/athletes/929
2023,7,new-orleans-breakers,New Orleans Breakers,16,860,jovon-durante,Jovon Durante,WR,30,"5'11""",169,Florida Atlantic,https://b.fssta.com/uploads/application/fs-app/default-headshot.vresize.140.170.medium.0.png,football/usfl/athletes/860
2023,7,new-orleans-breakers,New Orleans Breakers,18,383,cameron-echols-luper,Cam Echols-Luper,WR,31,"6'0""",195,Western Kentucky,https://b.fssta.com/uploads/application/usfl/headshots/383.vresize.140.170.medium.1.png,football/usfl/athletes/383
2023,7,new-orleans-breakers,New Orleans Breakers,10,627,aqeel-glass,Aqeel Glass,QB,27,"6'5""",215,Alabama A&M,https://b.fssta.com/uploads/application/usfl/headshots/627.vresize.140.170.medium.1.png,football/usfl/athletes/627
2023,7,new-orleans-breakers,New Orleans Breakers,15,852,cyrus-habibi-likio,Cyrus Habibi-Likio,RB,27,"6'1""",210,Boise State,https://b.fssta.com/uploads/application/fs-app/default-headshot.vresize.140.170.medium.0.png,football/usfl/athletes/852
2023,7,new-orleans-breakers,New Orleans Breakers,31,706,wes-hills,Wes Hills,RB,31,"6'2""",218,Slippery Rock,https://b.fssta.com/uploads/application/usfl/headshots/706.vresize.140.170.medium.1.png,football/usfl/athletes/706
2023,7,new-orleans-breakers,New Orleans Breakers,79,792,kirk-kelley,Kirk Kelley,G,28,"6'4""",320,Troy,https://b.fssta.com/uploads/application/usfl/headshots/792.vresize.140.170.medium.1.png,football/usfl/athletes/792
2023,7,new-orleans-breakers,New Orleans Breakers,65,404,jack-kramer,Jack Kramer,G,29,"6'3""",301,Bowling Green,https://b.fssta.com/uploads/application/usfl/headshots/404.vresize.140.170.medium.1.png,football/usfl/athletes/404
2023,7,new-orleans-breakers,New Orleans Breakers,5,398,lee-morris,Lee Morris,WR,29,"6'2""",205,Oklahoma,https://b.fssta.com/uploads/application/usfl/headshots/398.vresize.140.170.medium.1.png,football/usfl/athletes/398
2023,7,new-orleans-breakers,New Orleans Breakers,-,275,vinny-papale,Vinny Papale,WR,29,"6'1""",205,Delaware,https://b.fssta.com/uploads/application/usfl/headshots/275.vresize.140.170.medium.1.png,football/usfl/athletes/275
2023,7,new-orleans-breakers,New Orleans Breakers,-,918,jimmie-robinson,Jimmie Robinson,WR,-,"5'8""",175,Bethune-Cookman,https://b.fssta.com/uploads/application/fs-app/default-headshot.vresize.140.170.medium.0.png,football/usfl/athletes/918
2023,7,new-orleans-breakers,New Orleans Breakers,88,833,jared-scott,Jared Scott,TE,27,"6'5""",243,Idaho State,https://b.fssta.com/uploads/application/fs-app/default-headshot.vresize.140.170.medium.0.png,football/usfl/athletes/833
2023,7,new-orleans-breakers,New Orleans Breakers,12,586,eli-stove,Elijah Stove,WR,28,"6'0""",191,Auburn,https://b.fssta.com/uploads/application/usfl/headshots/586.vresize.140.170.medium.1.png,football/usfl/athletes/586
2023,7,new-orleans-breakers,New Orleans Breakers,13,285,sage-surratt,Sage Surratt,TE,28,"6'3""",234,Wake Forest,https://b.fssta.com/uploads/application/usfl/headshots/285.vresize.140.170.medium.1.png,football/usfl/athletes/285
2023,7,new-orleans-breakers,New Orleans Breakers,63,707,marcus-tatum,Marcus Tatum,T,28,"6'6""",300,UCF,https://b.fssta.com/uploads/application/usfl/headshots/707.vresize.140.170.medium.1.png,football/usfl/athletes/707
2023,7,new-orleans-breakers,New Orleans Breakers,62,690,salesi-uhatafe,Salesi Uhatafe,T,31,"6'4""",320,Utah,https://b.fssta.com/uploads/application/usfl/headshots/690.vresize.140.170.medium.1.png,football/usfl/athletes/690
2023,7,new-orleans-breakers,New Orleans Breakers,-,894,sidney-wells,Sidney Wells,T,-,"6'4""",323,UAB,https://b.fssta.com/uploads/application/fs-app/default-headshot.vresize.140.170.medium.0.png,football/usfl/athletes/894
2023,7,new-orleans-breakers,New Orleans Breakers,59,853,richard-west,Richard West,T,27,"6'5""",300,Texas State,https://b.fssta.com/uploads/application/fs-app/default-headshot.vresize.140.170.medium.0.png,football/usfl/athletes/853
2023,7,new-orleans-breakers,New Orleans Breakers,3,120,adonis-alexander,Adonis Alexander,CB,29,"6'3""",190,Virginia Tech,https://b.fssta.com/uploads/application/usfl/headshots/120.vresize.140.170.medium.1.png,football/usfl/athletes/120
2023,7,new-orleans-breakers,New Orleans Breakers,-,786,tyler-baker-williams,Tyler Baker-Williams,CB,26,"6'0""",205,North Carolina State,https://b.fssta.com/uploads/application/fs-app/default-headshot.vresize.140.170.medium.0.png,football/usfl/athletes/786
2023,7,new-orleans-breakers,New Orleans Breakers,95,683,jordan-brailford,Jordan Brailford,LB,30,"6'3""",252,Oklahoma State,https://b.fssta.com/uploads/application/usfl/headshots/683.vresize.140.170.medium.1.png,football/usfl/athletes/683
2023,7,new-orleans-breakers,New Orleans Breakers,35,453,djimon-brooks,Djimon Brooks,DT,28,"6'1""",286,Georgia Tech,https://b.fssta.com/uploads/application/usfl/headshots/453.vresize.140.170.medium.1.png,football/usfl/athletes/453
2023,7,new-orleans-breakers,New Orleans Breakers,45,534,justin-cates,Justin Cates,DE,28,"6'2""",257,North Carolina A&T,https://b.fssta.com/uploads/application/fs-app/default-headshot.vresize.140.170.medium.0.png,football/usfl/athletes/534
2023,7,new-orleans-breakers,New Orleans Breakers,8,131,nigel-chavis,Nigel Chavis,LB,29,"6'1""",230,Norfolk State,https://b.fssta.com/uploads/application/usfl/headshots/131.vresize.140.170.medium.1.png,football/usfl/athletes/131
2023,7,new-orleans-breakers,New Orleans Breakers,98,128,christian-christian,Connor Christian,DT,29,"6'3""",270,Jacksonville State,https://b.fssta.com/uploads/application/usfl/headshots/128.vresize.140.170.medium.1.png,football/usfl/athletes/128
2023,7,new-orleans-breakers,New Orleans Breakers,20,113,vontae-diggs,Vontae Diggs,LB,30,"6'2""",229,Connecticut,https://b.fssta.com/uploads/application/usfl/headshots/113.vresize.140.170.medium.1.png,football/usfl/athletes/113
2023,7,new-orleans-breakers,New Orleans Breakers,23,324,jarey-elder,Jarey Elder,S,29,"5'11""",195,West Chester,https://b.fssta.com/uploads/application/usfl/headshots/324.vresize.140.170.medium.1.png,football/usfl/athletes/324
2023,7,new-orleans-breakers,New Orleans Breakers,4,115,jerod-fernandez,Jerod Fernandez,LB,32,"6'0""",227,North Carolina State,https://b.fssta.com/uploads/application/usfl/headshots/115.vresize.140.170.medium.1.png,football/usfl/athletes/115
2023,7,new-orleans-breakers,New Orleans Breakers,29,694,saquan-hampton,Saquan Hampton,S,30,"6'1""",206,Rutgers,https://b.fssta.com/uploads/application/usfl/headshots/694.vresize.140.170.medium.1.png,football/usfl/athletes/694
2023,7,new-orleans-breakers,New Orleans Breakers,55,274,reggie-howard,Reggie Howard Jr.,DT,30,"6'3""",290,Toledo,https://b.fssta.com/uploads/application/usfl/headshots/274.vresize.140.170.medium.1.png,football/usfl/athletes/274
2023,7,new-orleans-breakers,New Orleans Breakers,44,883,jacorey-johns,JaCorey Johns,DE,-,"6'4""",256,Wake Forest,https://b.fssta.com/uploads/application/fs-app/default-headshot.vresize.140.170.medium.0.png,football/usfl/athletes/883
2023,7,new-orleans-breakers,New Orleans Breakers,11,661,zakoby-mcclain,Zakoby McClain,LB,26,"6'0""",219,Auburn,https://b.fssta.com/uploads/application/usfl/headshots/661.vresize.140.170.medium.1.png,football/usfl/athletes/661
2023,7,new-orleans-breakers,New Orleans Breakers,22,824,sidney-mccloud,Sidney McCloud,S,27,"6'0""",185,Ferris State,https://b.fssta.com/uploads/application/usfl/headshots/824.vresize.140.170.medium.1.png,football/usfl/athletes/824
2023,7,new-orleans-breakers,New Orleans Breakers,30,679,derrion-rakestraw,Derrion Rakestraw,S,28,"6'2""",200,Colorado,https://b.fssta.com/uploads/application/usfl/headshots/679.vresize.140.170.medium.1.png,football/usfl/athletes/679
2023,7,new-orleans-breakers,New Orleans Breakers,97,645,justus-reed,Justus Reed,DE,30,"6'3""",235,Virginia Tech,https://b.fssta.com/uploads/application/usfl/headshots/645.vresize.140.170.medium.1.png,football/usfl/athletes/645
2023,7,new-orleans-breakers,New Orleans Breakers,94,139,anree-saint-amour,Anree Saint-Amour,DE,29,"6'3""",260,Georgia Tech,https://b.fssta.com/uploads/application/usfl/headshots/139.vresize.140.170.medium.1.png,football/usfl/athletes/139
2023,7,new-orleans-breakers,New Orleans Breakers,56,693,shaheed-salmon,Shaheed Salmon,LB,30,"6'1""",232,Samford,https://b.fssta.com/uploads/application/usfl/headshots/693.vresize.140.170.medium.1.png,football/usfl/athletes/693
2023,7,new-orleans-breakers,New Orleans Breakers,90,818,keonte-schad,Keonte Schad,DT,27,"6'2""",284,Oregon State,https://b.fssta.com/uploads/application/usfl/headshots/818.vresize.140.170.medium.1.png,football/usfl/athletes/818
2023,7,new-orleans-breakers,New Orleans Breakers,7,379,mike-stevens,Michael Stevens,CB,30,"5'11""",190,North Carolina State,https://b.fssta.com/uploads/application/usfl/headshots/379.vresize.140.170.medium.1.png,football/usfl/athletes/379
2023,7,new-orleans-breakers,New Orleans Breakers,38,796,alex-thomas,Alex Thomas,CB,29,"6'1""",195,Ferris State,https://b.fssta.com/uploads/application/usfl/headshots/796.vresize.140.170.medium.1.png,football/usfl/athletes/796
2023,7,new-orleans-breakers,New Orleans Breakers,21,873,james-wiggins,James Wiggins,S,29,"5'11""",209,Cincinnati,https://b.fssta.com/uploads/application/fs-app/default-headshot.vresize.140.170.medium.0.png,football/usfl/athletes/873
2023,7,new-orleans-breakers,New Orleans Breakers,60,314,turner-bernard,Turner Bernard,LS,27,"6'1""",239,San Diego State,https://b.fssta.com/uploads/application/usfl/headshots/314.vresize.140.170.medium.1.png,football/usfl/athletes/314
2023,7,new-orleans-breakers,New Orleans Breakers,49,798,matt-coghlin,Matt Coghlin,K,28,"5'9""",190,Michigan State,https://b.fssta.com/uploads/application/usfl/headshots/798.vresize.140.170.medium.1.png,football/usfl/athletes/798
2023,7,new-orleans-breakers,New Orleans Breakers,19,312,matt-white,Matthew White,P,30,"6'1""",190,Monmouth,https://b.fssta.com/uploads/application/usfl/headshots/312.vresize.140.170.medium.1.png,football/usfl/athletes/312
2023,11,michigan-panthers,Michigan Panthers,56,874,eric-abojei,Eric Abojei,T,-,"6'4""",338,Wyoming,https://b.fssta.com/uploads/application/fs-app/default-headshot.vresize.140.170.medium.0.png,football/usfl/athletes/874
2023,11,michigan-panthers,Michigan Panthers,82,832,josh-babicz,Josh Babicz,TE,27,"6'6""",255,North Dakota State,https://b.fssta.com/uploads/application/fs-app/default-headshot.vresize.140.170.medium.0.png,football/usfl/athletes/832
2023,11,michigan-panthers,Michigan Panthers,3,151,reggie-corbin,Reggie Corbin,RB,30,"5'9""",208,Illinois,https://b.fssta.com/uploads/application/usfl/headshots/151.vresize.140.170.medium.1.png,football/usfl/athletes/151
2023,11,michigan-panthers,Michigan Panthers,64,157,josh-dunlop,Joshua Dunlop,T,29,"6'7""",315,UTSA,https://b.fssta.com/uploads/application/usfl/headshots/157.vresize.140.170.medium.1.png,football/usfl/athletes/157
2023,11,michigan-panthers,Michigan Panthers,-,945,danny-etling,Danny Etling,QB,-,"6'3""",215,Louisiana State,https://b.fssta.com/uploads/application/fs-app/default-headshot.vresize.140.170.medium.0.png,football/usfl/athletes/945
2023,11,michigan-panthers,Michigan Panthers,-,938,kyle-fuller,Kyle Fuller,G,32,"6'3""",315,Baylor,https://b.fssta.com/uploads/application/fs-app/default-headshot.vresize.140.170.medium.0.png,football/usfl/athletes/938
2023,11,michigan-panthers,Michigan Panthers,80,569,cole-hikutini,Cole Hikutini,TE,32,"6'4""",240,Louisville,https://b.fssta.com/uploads/application/usfl/headshots/569.vresize.140.170.medium.1.png,football/usfl/athletes/569
2023,11,michigan-panthers,Michigan Panthers,-,712,jarrett-horst,Jarrett Horst,T,26,"6'6""",304,Michigan State,https://b.fssta.com/uploads/application/fs-app/default-headshot.vresize.140.170.medium.0.png,football/usfl/athletes/712
2023,11,michigan-panthers,Michigan Panthers,61,555,noah-johnson,Noah Johnson,C,28,"6'1""",293,Kansas State,https://b.fssta.com/uploads/application/usfl/headshots/555.vresize.140.170.medium.1.png,football/usfl/athletes/555
2023,11,michigan-panthers,Michigan Panthers,19,861,brian-lewerke,Brian Lewerke,QB,29,"6'3""",212,Michigan State,https://b.fssta.com/uploads/application/fs-app/default-headshot.vresize.140.170.medium.0.png,football/usfl/athletes/861
2023,11,michigan-panthers,Michigan Panthers,-,919,garett-maag,Garett Maag,WR,26,"6'4""",208,North Dakota,https://b.fssta.com/uploads/application/fs-app/default-headshot.vresize.140.170.medium.0.png,football/usfl/athletes/919
2023,11,michigan-panthers,Michigan Panthers,-,934,nate-mccrary,Nate McCrary,RB,27,"6'0""",213,Saginaw Valley State,https://b.fssta.com/uploads/application/fs-app/default-headshot.vresize.140.170.medium.0.png,football/usfl/athletes/934
2023,11,michigan-panthers,Michigan Panthers,-,602,samson-nacua,Samson Nacua,WR,28,"6'4""",195,BYU,https://b.fssta.com/uploads/application/usfl/headshots/602.vresize.140.170.medium.1.png,football/usfl/athletes/602
2023,11,michigan-panthers,Michigan Panthers,75,628,ryan-nelson,Ryan Nelson,T,26,"6'6""",331,Virginia,https://b.fssta.com/uploads/application/usfl/headshots/628.vresize.140.170.medium.1.png,football/usfl/athletes/628
2023,11,michigan-panthers,Michigan Panthers,-,760,gunnar-oakes,Gunnar Oakes,TE,-,"6'4""",256,Eastern Michigan,https://b.fssta.com/uploads/application/fs-app/default-headshot.vresize.140.170.medium.0.png,football/usfl/athletes/760
2023,11,michigan-panthers,Michigan Panthers,70,648,denzel-okafor,Denzel Okafor,T,28,"6'4""",322,Texas,https://b.fssta.com/uploads/application/usfl/headshots/648.vresize.140.170.medium.1.png,football/usfl/athletes/648
2023,11,michigan-panthers,Michigan Panthers,-,777,chim-okorafor,Chim Okorafor,T,27,"6'6""",320,Benedictine,https://b.fssta.com/uploads/application/fs-app/default-headshot.vresize.140.170.medium.0.png,football/usfl/athletes/777
2023,11,michigan-panthers,Michigan Panthers,13,875,ej-perry,E.J. Perry,QB,27,"6'2""",210,Brown,https://b.fssta.com/uploads/application/fs-app/default-headshot.vresize.140.170.medium.0.png,football/usfl/athletes/875
2023,11,michigan-panthers,Michigan Panthers,51,511,gene-pryor,Gene Pryor,T,28,"6'3""",310,Hawaii,https://b.fssta.com/uploads/application/usfl/headshots/511.vresize.140.170.medium.1.png,football/usfl/athletes/511
2023,11,michigan-panthers,Michigan Panthers,20,589,aj-richardson,AJ Richardson,WR,31,"6'0""",212,Boise State,https://b.fssta.com/uploads/application/usfl/headshots/589.vresize.140.170.medium.1.png,football/usfl/athletes/589
2023,11,michigan-panthers,Michigan Panthers,35,325,devin-ross,Devin Ross,WR,30,"5'9""",196,Colorado,https://b.fssta.com/uploads/application/usfl/headshots/325.vresize.140.170.medium.1.png,football/usfl/athletes/325
2023,11,michigan-panthers,Michigan Panthers,-,895,phil-saleh,Phil Saleh,T,26,"6'4""",303,Fordham,https://b.fssta.com/uploads/application/fs-app/default-headshot.vresize.140.170.medium.0.png,football/usfl/athletes/895
2023,11,michigan-panthers,Michigan Panthers,9,491,marcus-simms,Marcus Simms,WR,28,"6'0""",194,West Virginia,https://b.fssta.com/uploads/application/usfl/headshots/491.vresize.140.170.medium.1.png,football/usfl/athletes/491
2023,11,michigan-panthers,Michigan Panthers,11,811,carson-strong,Carson Strong,QB,26,"6'3""",226,Nevada,https://b.fssta.com/uploads/application/usfl/headshots/811.vresize.140.170.medium.1.png,football/usfl/athletes/811
2023,11,michigan-panthers,Michigan Panthers,27,867,toa-taua,Toa Taua,RB,-,"5'9""",218,Nevada,https://b.fssta.com/uploads/application/fs-app/default-headshot.vresize.140.170.medium.0.png,football/usfl/athletes/867
2023,11,michigan-panthers,Michigan Panthers,65,849,james-walker,James Walker,T,27,"6'5""",305,Southeastern Oklahoma State,https://b.fssta.com/uploads/application/fs-app/default-headshot.vresize.140.170.medium.0.png,football/usfl/athletes/849
2023,11,michigan-panthers,Michigan Panthers,77,152,keith-williams,Keith Williams,T,28,"6'7""",279,Colorado State,https://b.fssta.com/uploads/application/usfl/headshots/152.vresize.140.170.medium.1.png,football/usfl/athletes/152
2023,11,michigan-panthers,Michigan Panthers,7,395,corrion-ballard,Corrion Ballard,S,28,"6'3""",205,Utah,https://b.fssta.com/uploads/application/usfl/headshots/395.vresize.140.170.medium.1.png,football/usfl/athletes/395
2023,11,michigan-panthers,Michigan Panthers,97,816,rondell-carter,Ron'Dell Carter,DE,29,"6'3""",269,James Madison,https://b.fssta.com/uploads/application/usfl/headshots/816.vresize.140.170.medium.1.png,football/usfl/athletes/816
2023,11,michigan-panthers,Michigan Panthers,96,154,tj-carter,T.J. Carter,DT,27,"6'2""",293,Kentucky,https://b.fssta.com/uploads/application/usfl/headshots/154.vresize.140.170.medium.1.png,football/usfl/athletes/154
2023,11,michigan-panthers,Michigan Panthers,-,937,isaac-darkangelo,Isaac Darkangelo,LB,26,"6'1""",230,Illinois,https://b.fssta.com/uploads/application/fs-app/default-headshot.vresize.140.170.medium.0.png,football/usfl/athletes/937
2023,11,michigan-panthers,Michigan Panthers,10,807,noah-dawkins,Noah Dawkins,LB,28,"6'1""",235,Citadel,https://b.fssta.com/uploads/application/usfl/headshots/807.vresize.140.170.medium.1.png,football/usfl/athletes/807
2023,11,michigan-panthers,Michigan Panthers,25,501,keandre-evans,Keandre Evans,CB,29,"5'11""",180,Ouachita Baptist ,https://b.fssta.com/uploads/application/usfl/headshots/501.vresize.140.170.medium.1.png,football/usfl/athletes/501
2023,11,michigan-panthers,Michigan Panthers,40,512,paddy-fisher,Paddy Fisher,LB,28,"6'3""",240,Northwestern,https://b.fssta.com/uploads/application/usfl/headshots/512.vresize.140.170.medium.1.png,football/usfl/athletes/512
2023,11,michigan-panthers,Michigan Panthers,11,478,devin-hafford,Devin Hafford,CB,28,"6'1""",210,Tarleton State,https://b.fssta.com/uploads/application/fs-app/default-headshot.vresize.140.170.medium.0.png,football/usfl/athletes/478
2023,11,michigan-panthers,Michigan Panthers,24,500,kiante-hardin,Kiante Hardin,CB,29,"5'11""",185,Pittsburg State,https://b.fssta.com/uploads/application/fs-app/default-headshot.vresize.140.170.medium.0.png,football/usfl/athletes/500
2023,11,michigan-panthers,Michigan Panthers,0,629,leon-jacobs,Leon Jacobs,LB,30,"6'2""",246,Wisconsin,https://b.fssta.com/uploads/application/fs-app/default-headshot.vresize.140.170.medium.0.png,football/usfl/athletes/629
2023,11,michigan-panthers,Michigan Panthers,33,886,tyree-johnson,Tyree Johnson,DE,27,"6'2""",248,Texas A&M,https://b.fssta.com/uploads/application/fs-app/default-headshot.vresize.140.170.medium.0.png,football/usfl/athletes/886
2023,11,michigan-panthers,Michigan Panthers,-,920,danthony-jones,D'Anthony Jones,DT,27,"6'0""",276,Houston,https://b.fssta.com/uploads/application/fs-app/default-headshot.vresize.140.170.medium.0.png,football/usfl/athletes/920
2023,11,michigan-panthers,Michigan Panthers,29,485,sean-mahone,Sean Mahone,S,28,"5'11""",203,West Virginia,https://b.fssta.com/uploads/application/usfl/headshots/485.vresize.140.170.medium.1.png,football/usfl/athletes/485
2023,11,michigan-panthers,Michigan Panthers,95,567,garrett-marino,Garrett Marino,DT,31,"6'2""",291,UAB,https://b.fssta.com/uploads/application/usfl/headshots/567.vresize.140.170.medium.1.png,football/usfl/athletes/567
2023,11,michigan-panthers,Michigan Panthers,42,418,vantrel-mcmillan,Vantrel McMillan,DE,32,"6'2""",250,Chattanooga,https://b.fssta.com/uploads/application/usfl/headshots/418.vresize.140.170.medium.1.png,football/usfl/athletes/418
2023,11,michigan-panthers,Michigan Panthers,94,554,jamal-milan,Jamal Milan,DT,30,"6'3""",300,Illinois,https://b.fssta.com/uploads/application/usfl/headshots/554.vresize.140.170.medium.1.png,football/usfl/athletes/554
2023,11,michigan-panthers,Michigan Panthers,21,858,kai-nacua,Kai Nacua,S,31,"6'0""",205,BYU,https://b.fssta.com/uploads/application/fs-app/default-headshot.vresize.140.170.medium.0.png,football/usfl/athletes/858
2023,11,michigan-panthers,Michigan Panthers,99,382,walter-palmore,Walter Palmore,DT,29,"6'3""",317,Missouri,https://b.fssta.com/uploads/application/fs-app/default-headshot.vresize.140.170.medium.0.png,football/usfl/athletes/382
2023,11,michigan-panthers,Michigan Panthers,22,430,cory-rahman,Cory Rahman,S,26,"6'1""",200,Tennessee State,https://b.fssta.com/uploads/application/fs-app/default-headshot.vresize.140.170.medium.0.png,football/usfl/athletes/430
2023,11,michigan-panthers,Michigan Panthers,22,839,tyree-robinson-2,Tyree Robinson,DB,27,"5'11""",185,East Tennessee State,https://b.fssta.com/uploads/application/fs-app/default-headshot.vresize.140.170.medium.0.png,football/usfl/athletes/839
2023,11,michigan-panthers,Michigan Panthers,17,332,warren-saba,Warren Saba,S,28,"5'9""",189,East Carolina,https://b.fssta.com/uploads/application/usfl/headshots/332.vresize.140.170.medium.1.png,football/usfl/athletes/332
2023,11,michigan-panthers,Michigan Panthers,1,658,levonta-taylor,Levonta Taylor,CB,28,"5'10""",186,Florida State,https://b.fssta.com/uploads/application/usfl/headshots/658.vresize.140.170.medium.1.png,football/usfl/athletes/658
2023,11,michigan-panthers,Michigan Panthers,30,741,dashaun-white,DaShaun White,LB,26,"6'0""",222,Oklahoma,https://b.fssta.com/uploads/application/fs-app/default-headshot.vresize.140.170.medium.0.png,football/usfl/athletes/741
2023,11,michigan-panthers,Michigan Panthers,-,927,javin-white,Javin White,CB,29,"6'2""",213,UNLV,https://b.fssta.com/uploads/application/fs-app/default-headshot.vresize.140.170.medium.0.png,football/usfl/athletes/927
2023,11,michigan-panthers,Michigan Panthers,-,933,kenny-willekes,Kenny Willekes,DE,28,"6'3""",264,Michigan State,https://b.fssta.com/uploads/application/fs-app/default-headshot.vresize.140.170.medium.0.png,football/usfl/athletes/933
2023,11,michigan-panthers,Michigan Panthers,-,944,jake-bates,Jake Bates,K,26,"5'10""",202,Arkansas,https://b.fssta.com/uploads/application/fs-app/default-headshot.vresize.140.170.medium.0.png,football/usfl/athletes/944
2023,11,michigan-panthers,Michigan Panthers,15,429,kyle-kramer,Kyle Kramer,P,28,"6'3""",215,Miami (OH),https://b.fssta.com/uploads/application/usfl/headshots/429.vresize.140.170.medium.1.png,football/usfl/athletes/429
2023,11,michigan-panthers,Michigan Panthers,16,413,cole-murphy,Cole Murphy,K,30,"6'3""",215,Syracuse,https://b.fssta.com/uploads/application/usfl/headshots/413.vresize.140.170.medium.1.png,football/usfl/athletes/413
2023,12,new-jersey-generals,New Jersey Generals,71,196,calvin-ashley,Calvin Ashley,G,28,"6'6""",310,Auburn,https://b.fssta.com/uploads/application/usfl/headshots/196.vresize.140.170.medium.1.png,football/usfl/athletes/196
2023,12,new-jersey-generals,New Jersey Generals,-,222,charles-baldwin,Charles Baldwin,T,32,"6'5""",305,Youngstown State,https://b.fssta.com/uploads/application/usfl/headshots/222.vresize.140.170.medium.1.png,football/usfl/athletes/222
2023,12,new-jersey-generals,New Jersey Generals,-,446,eric-barriere,Eric Barriere,QB,28,"6'1""",210,Eastern Washington,https://b.fssta.com/uploads/application/usfl/headshots/446.vresize.140.170.medium.1.png,football/usfl/athletes/446
2023,12,new-jersey-generals,New Jersey Generals,79,218,isaiah-battle,Isaiah Battle,T,33,"6'7""",310,Clemson,https://b.fssta.com/uploads/application/usfl/headshots/218.vresize.140.170.medium.1.png,football/usfl/athletes/218
2023,12,new-jersey-generals,New Jersey Generals,80,206,braedon-bowman,Braedon Bowman,TE,32,"6'4""",235,South Alabama,https://b.fssta.com/uploads/application/usfl/headshots/206.vresize.140.170.medium.1.png,football/usfl/athletes/206
2023,12,new-jersey-generals,New Jersey Generals,88,384,woody-brandom,Woody Brandom,TE,29,"6'5""",260,Sam Houston State,https://b.fssta.com/uploads/application/usfl/headshots/384.vresize.140.170.medium.1.png,football/usfl/athletes/384
2023,12,new-jersey-generals,New Jersey Generals,60,830,cam-carter,Cam Carter,T,28,"6'6""",310,Murray State,https://b.fssta.com/uploads/application/usfl/headshots/830.vresize.140.170.medium.1.png,football/usfl/athletes/830
2023,12,new-jersey-generals,New Jersey Generals,29,436,kingston-davis,Kingston Davis,RB,28,"6'0""",225,Miles (AL),https://b.fssta.com/uploads/application/usfl/headshots/436.vresize.140.170.medium.1.png,football/usfl/athletes/436
2023,12,new-jersey-generals,New Jersey Generals,14,590,marcus-green,Marcus Green,WR,29,"5'9""",191,Louisiana-Monroe,https://b.fssta.com/uploads/application/usfl/headshots/590.vresize.140.170.medium.1.png,football/usfl/athletes/590
2023,12,new-jersey-generals,New Jersey Generals,-,901,fabian-guerra,Fabian Guerra,WR,31,"5'11""",200,Fairmont State,https://b.fssta.com/uploads/application/fs-app/default-headshot.vresize.140.170.medium.0.png,football/usfl/athletes/901
2023,12,new-jersey-generals,New Jersey Generals,-,778,jalen-holston,Jalen Holston,RB,27,"5'11""",218,Virginia Tech,https://b.fssta.com/uploads/application/fs-app/default-headshot.vresize.140.170.medium.0.png,football/usfl/athletes/778
2023,12,new-jersey-generals,New Jersey Generals,23,532,arthur-jackson-iii,Arthur Jackson,WR,28,"5'10""",183,Eastern Michigan,https://b.fssta.com/uploads/application/fs-app/default-headshot.vresize.140.170.medium.0.png,football/usfl/athletes/532
2023,12,new-jersey-generals,New Jersey Generals,89,665,charles-jones,Charles Jones,TE,29,"6'4""",255,Tulane,https://b.fssta.com/uploads/application/fs-app/default-headshot.vresize.140.170.medium.0.png,football/usfl/athletes/665
2023,12,new-jersey-generals,New Jersey Generals,13,339,alonzo-moore,Alonzo Moore,WR,33,"6'1""",195,Nebraska,https://b.fssta.com/uploads/application/usfl/headshots/339.vresize.140.170.medium.1.png,football/usfl/athletes/339
2023,12,new-jersey-generals,New Jersey Generals,70,342,robert-myers,Robert Myers,OL,34,"6'5""",325,Tennessee State,https://b.fssta.com/uploads/application/usfl/headshots/342.vresize.140.170.medium.1.png,football/usfl/athletes/342
2023,12,new-jersey-generals,New Jersey Generals,15,641,demorney-pierson-el,De'Morney Pierson-El,WR,30,"5'9""",195,Nebraska,https://b.fssta.com/uploads/application/usfl/headshots/641.vresize.140.170.medium.1.png,football/usfl/athletes/641
2023,12,new-jersey-generals,New Jersey Generals,17,390,wes-saxton-jr,Wes Saxton Jr.,TE,32,"6'4""",240,South Alabama,https://b.fssta.com/uploads/application/usfl/headshots/390.vresize.140.170.medium.1.png,football/usfl/athletes/390
2023,12,new-jersey-generals,New Jersey Generals,82,531,darrell-stewart-jr,Darrell Stewart Jr.,WR,29,"6'2""",217,Michigan State,https://b.fssta.com/uploads/application/usfl/headshots/531.vresize.140.170.medium.1.png,football/usfl/athletes/531
2023,12,new-jersey-generals,New Jersey Generals,72,506,bruce-trigg,Bruce Trigg,OL,28,"6'4""",300,North Carolina Central,https://b.fssta.com/uploads/application/fs-app/default-headshot.vresize.140.170.medium.0.png,football/usfl/athletes/506
2023,12,new-jersey-generals,New Jersey Generals,77,878,micah-vanterpool,Micah Vanterpool,OL,-,"6'4""",305,Hawaii,https://b.fssta.com/uploads/application/fs-app/default-headshot.vresize.140.170.medium.0.png,football/usfl/athletes/878
2023,12,new-jersey-generals,New Jersey Generals,27,337,darius-victor,Darius Victor,RB,32,"5'8""",209,Towson,https://b.fssta.com/uploads/application/usfl/headshots/337.vresize.140.170.medium.1.png,football/usfl/athletes/337
2023,12,new-jersey-generals,New Jersey Generals,8,380,joe-walker,Joe Walker,WR,30,"6'3""",197,Delaware,https://b.fssta.com/uploads/application/usfl/headshots/380.vresize.140.170.medium.1.png,football/usfl/athletes/380
2023,12,new-jersey-generals,New Jersey Generals,66,618,saige-young,Saige Young,C,30,"6'4""",305,Vanderbilt,https://b.fssta.com/uploads/application/usfl/headshots/618.vresize.140.170.medium.1.png,football/usfl/athletes/618
2023,12,new-jersey-generals,New Jersey Generals,7,185,dravon-askew-henry,Dravon Askew-Henry,S,30,"6'0""",203,West Virginia,https://b.fssta.com/uploads/application/usfl/headshots/185.vresize.140.170.medium.1.png,football/usfl/athletes/185
2023,12,new-jersey-generals,New Jersey Generals,-,497,dj-daniel,D.J. Daniel,CB,27,"6'1""",185,Georgia,https://b.fssta.com/uploads/application/usfl/headshots/497.vresize.140.170.medium.1.png,football/usfl/athletes/497
2023,12,new-jersey-generals,New Jersey Generals,25,677,meiko-dotson,Meiko Dotson,CB,29,"5'11""",195,Florida Atlantic,https://b.fssta.com/uploads/application/usfl/headshots/677.vresize.140.170.medium.1.png,football/usfl/athletes/677
2023,12,new-jersey-generals,New Jersey Generals,21,187,trae-elston,Trae Elston,CB,32,"6'0""",185,Ole Miss,https://b.fssta.com/uploads/application/usfl/headshots/187.vresize.140.170.medium.1.png,football/usfl/athletes/187
2023,12,new-jersey-generals,New Jersey Generals,51,560,willie-eubanks-iii,Willie Eubanks III,LB,27,"6'2""",230,Citadel,https://b.fssta.com/uploads/application/usfl/headshots/560.vresize.140.170.medium.1.png,football/usfl/athletes/560
2023,12,new-jersey-generals,New Jersey Generals,24,344,paris-ford,Paris Ford,S,28,"6'0""",190,Pittsburgh,https://b.fssta.com/uploads/application/usfl/headshots/344.vresize.140.170.medium.1.png,football/usfl/athletes/344
2023,12,new-jersey-generals,New Jersey Generals,55,203,kolin-hill,Kolin Hill,LB,30,"6'2""",235,Texas Tech,https://b.fssta.com/uploads/application/usfl/headshots/203.vresize.140.170.medium.1.png,football/usfl/athletes/203
2023,12,new-jersey-generals,New Jersey Generals,4,186,djuan-hines,D'Juan Hines,LB,31,"6'1""",235,Houston,https://b.fssta.com/uploads/application/usfl/headshots/186.vresize.140.170.medium.1.png,football/usfl/athletes/186
2023,12,new-jersey-generals,New Jersey Generals,90,189,toby-johnson,Toby Johnson,DL,34,"6'4""",320,Georgia,https://b.fssta.com/uploads/application/usfl/headshots/189.vresize.140.170.medium.1.png,football/usfl/athletes/189
2023,12,new-jersey-generals,New Jersey Generals,-,743,victor-jones,Victor Jones,DE,27,"6'5""",255,Akron,https://b.fssta.com/uploads/application/fs-app/default-headshot.vresize.140.170.medium.0.png,football/usfl/athletes/743
2023,12,new-jersey-generals,New Jersey Generals,-,922,derrick-langford,Derrick Langford,CB,26,"6'2""",205,Washington State,https://b.fssta.com/uploads/application/fs-app/default-headshot.vresize.140.170.medium.0.png,football/usfl/athletes/922
2023,12,new-jersey-generals,New Jersey Generals,-,896,jordan-lewis,Jordan Lewis,DE,-,"6'2""",235,Southern,https://b.fssta.com/uploads/application/fs-app/default-headshot.vresize.140.170.medium.0.png,football/usfl/athletes/896
2023,12,new-jersey-generals,New Jersey Generals,5,198,shalom-luani,Shalom Luani,S,31,"6'0""",201,Washington State,https://b.fssta.com/uploads/application/usfl/headshots/198.vresize.140.170.medium.1.png,football/usfl/athletes/198
2023,12,new-jersey-generals,New Jersey Generals,93,434,hercules-mataafa,Hercules Mata'afa,DE,30,"6'2""",252,Washington State,https://b.fssta.com/uploads/application/usfl/headshots/434.vresize.140.170.medium.1.png,football/usfl/athletes/434
2023,12,new-jersey-generals,New Jersey Generals,91,765,jermaine-mcdaniel,Jermaine McDaniel,DE,27,"6'4""",240,North Carolina A&T,https://b.fssta.com/uploads/application/fs-app/default-headshot.vresize.140.170.medium.0.png,football/usfl/athletes/765
2023,12,new-jersey-generals,New Jersey Generals,2,202,chris-orr,Chris Orr,LB,29,"6'0""",227,Wisconsin,https://b.fssta.com/uploads/application/usfl/headshots/202.vresize.140.170.medium.1.png,football/usfl/athletes/202
2023,12,new-jersey-generals,New Jersey Generals,59,568,kenneth-randall,Kenneth Randall,DT,30,"6'4""",300,Charleston (WV),https://b.fssta.com/uploads/application/usfl/headshots/568.vresize.140.170.medium.1.png,football/usfl/athletes/568
2023,12,new-jersey-generals,New Jersey Generals,42,363,antonio-reed,Antonio Reed,S,28,"6'0""",212,Nebraska,https://b.fssta.com/uploads/application/usfl/headshots/363.vresize.140.170.medium.1.png,football/usfl/athletes/363
2023,12,new-jersey-generals,New Jersey Generals,94,225,olive-sagapolu,Olive Sagapolu,DT,29,"6'2""",341,Wisconsin,https://b.fssta.com/uploads/application/usfl/headshots/225.vresize.140.170.medium.1.png,football/usfl/athletes/225
2023,12,new-jersey-generals,New Jersey Generals,97,558,tyrone-truesdell,Tyrone Truesdell,DT,27,"6'2""",347,Florida,https://b.fssta.com/uploads/application/usfl/headshots/558.vresize.140.170.medium.1.png,football/usfl/athletes/558
2023,12,new-jersey-generals,New Jersey Generals,28,751,dejahn-warren,De'Jahn Warren,CB,-,"5'11""",182,Jackson State,https://b.fssta.com/uploads/application/fs-app/default-headshot.vresize.140.170.medium.0.png,football/usfl/athletes/751
2023,12,new-jersey-generals,New Jersey Generals,-,352,ethan-westbrooks,Ethan Westbrooks,DL,35,"6'4""",287,West Texas A&M,https://b.fssta.com/uploads/application/usfl/headshots/352.vresize.140.170.medium.1.png,football/usfl/athletes/352
2023,12,new-jersey-generals,New Jersey Generals,45,870,brendan-white,Brendan White,DE,-,"6'2""",220,Rutgers,https://b.fssta.com/uploads/application/fs-app/default-headshot.vresize.140.170.medium.0.png,football/usfl/athletes/870
2023,12,new-jersey-generals,New Jersey Generals,56,180,bryson-young,Bryson Young,LB,28,"6'5""",250,Oregon,https://b.fssta.com/uploads/application/usfl/headshots/180.vresize.140.170.medium.1.png,football/usfl/athletes/180
2023,12,new-jersey-generals,New Jersey Generals,19,341,brock-miller,Brock Miller,P,35,"6'0""",195,Southern Utah,https://b.fssta.com/uploads/application/usfl/headshots/341.vresize.140.170.medium.1.png,football/usfl/athletes/341
2023,12,new-jersey-generals,New Jersey Generals,44,696,jordan-ober,Jordan Ober,LS,29,"6'1""",225,Nebraska,https://b.fssta.com/uploads/application/usfl/headshots/696.vresize.140.170.medium.1.png,football/usfl/athletes/696
2023,12,new-jersey-generals,New Jersey Generals,16,691,nick-sciba,Nick Sciba,K,26,"5'9""",191,Wake Forest,https://b.fssta.com/uploads/application/usfl/headshots/691.vresize.140.170.medium.1.png,football/usfl/athletes/691
2023,16,pittsburgh-maulers,Pittsburgh Maulers,-,58,sean-brown,Sean Brown,C,33,"6'3""",320,Mississippi Valley State,https://b.fssta.com/uploads/application/usfl/headshots/58.vresize.140.170.medium.1.png,football/usfl/athletes/58
2023,16,pittsburgh-maulers,Pittsburgh Maulers,52,409,xavier-dampeer,Xavier Dampeer,C,32,"6'2""",310,Auburn,https://b.fssta.com/uploads/application/usfl/headshots/409.vresize.140.170.medium.1.png,football/usfl/athletes/409
2023,16,pittsburgh-maulers,Pittsburgh Maulers,67,220,jon-dietzen,Jon Dietzen,G,29,"6'5""",312,Wisconsin,https://b.fssta.com/uploads/application/usfl/headshots/220.vresize.140.170.medium.1.png,football/usfl/athletes/220
2023,16,pittsburgh-maulers,Pittsburgh Maulers,69,734,trequan-dorsey,Tre'Quan Dorsey,T,27,"6'2""",305,St. Francis (PA),https://b.fssta.com/uploads/application/usfl/headshots/734.vresize.140.170.medium.1.png,football/usfl/athletes/734
2023,16,pittsburgh-maulers,Pittsburgh Maulers,51,354,justin-evans,Justin Evans,T,30,"6'4""",310,South Carolina State,https://b.fssta.com/uploads/application/usfl/headshots/354.vresize.140.170.medium.1.png,football/usfl/athletes/354
2023,16,pittsburgh-maulers,Pittsburgh Maulers,4,227,bailey-gaither,Bailey Gaither,WR,29,"6'0""",188,San Jose State,https://b.fssta.com/uploads/application/usfl/headshots/227.vresize.140.170.medium.1.png,football/usfl/athletes/227
2023,16,pittsburgh-maulers,Pittsburgh Maulers,-,457,brodarious-hamm,Brodarious Hamm,T,28,"6'6""",334,Auburn,https://b.fssta.com/uploads/application/usfl/headshots/457.vresize.140.170.medium.1.png,football/usfl/athletes/457
2023,16,pittsburgh-maulers,Pittsburgh Maulers,17,439,isiah-hennie,Isiah Hennie,WR,28,"5'7""",171,Sacramento State,https://b.fssta.com/uploads/application/usfl/headshots/439.vresize.140.170.medium.1.png,football/usfl/athletes/439
2023,16,pittsburgh-maulers,Pittsburgh Maulers,14,419,ishmael-hyman,Ishmael Hyman,WR,30,"6'0""",196,James Madison,https://b.fssta.com/uploads/application/usfl/headshots/419.vresize.140.170.medium.1.png,football/usfl/athletes/419
2023,16,pittsburgh-maulers,Pittsburgh Maulers,62,488,leon-johnson,Leon Johnson,T,31,"6'6""",300,Temple,https://b.fssta.com/uploads/application/usfl/headshots/488.vresize.140.170.medium.1.png,football/usfl/athletes/488
2023,16,pittsburgh-maulers,Pittsburgh Maulers,22,547,xavier-lewis,Xavier Lewis,WR,29,"6'0""",200,Southeastern Louisiana,https://b.fssta.com/uploads/application/usfl/headshots/547.vresize.140.170.medium.1.png,football/usfl/athletes/547
2023,16,pittsburgh-maulers,Pittsburgh Maulers,9,372,madre-london,Madre London,RB,30,"6'1""",220,Tennessee,https://b.fssta.com/uploads/application/usfl/headshots/372.vresize.140.170.medium.1.png,football/usfl/athletes/372
2023,16,pittsburgh-maulers,Pittsburgh Maulers,12,548,james-morgan,James Morgan,QB,29,"6'4""",229,Florida International,https://b.fssta.com/uploads/application/usfl/headshots/548.vresize.140.170.medium.1.png,football/usfl/athletes/548
2023,16,pittsburgh-maulers,Pittsburgh Maulers,-,899,austin-myers,Austin Myers,T,-,"6'5""",306,Memphis,https://b.fssta.com/uploads/application/fs-app/default-headshot.vresize.140.170.medium.0.png,football/usfl/athletes/899
2023,16,pittsburgh-maulers,Pittsburgh Maulers,-,62,diondre-overton,Diondre Overton,WR,28,"6'5""",210,Clemson,https://b.fssta.com/uploads/application/usfl/headshots/62.vresize.140.170.medium.1.png,football/usfl/athletes/62
2023,16,pittsburgh-maulers,Pittsburgh Maulers,58,228,brayden-patton,Brayden Patton,C,28,"6'5""",309,Northern Illinois,https://b.fssta.com/uploads/application/usfl/headshots/228.vresize.140.170.medium.1.png,football/usfl/athletes/228
2023,16,pittsburgh-maulers,Pittsburgh Maulers,68,178,terry-poole,Terry Poole,T,34,"6'5""",325,San Diego State,https://b.fssta.com/uploads/application/usfl/headshots/178.vresize.140.170.medium.1.png,football/usfl/athletes/178
2023,16,pittsburgh-maulers,Pittsburgh Maulers,15,651,connor-sampson,Connor Sampson,QB,28,"6'3""",215,Western Illinois,https://b.fssta.com/uploads/application/usfl/headshots/651.vresize.140.170.medium.1.png,football/usfl/athletes/651
2023,16,pittsburgh-maulers,Pittsburgh Maulers,80,223,matt-seybert,Matt Seybert,TE,29,"6'4""",250,Michigan State,https://b.fssta.com/uploads/application/usfl/headshots/223.vresize.140.170.medium.1.png,football/usfl/athletes/223
2023,16,pittsburgh-maulers,Pittsburgh Maulers,38,519,josh-simmons,Josh Simmons,WR,31,"5'11""",165,Prairie View A&M,https://b.fssta.com/uploads/application/usfl/headshots/519.vresize.140.170.medium.1.png,football/usfl/athletes/519
2023,16,pittsburgh-maulers,Pittsburgh Maulers,-,910,rodney-smith,Rodney Smith,RB,-,"5'11""",210,Minnesota,https://b.fssta.com/uploads/application/fs-app/default-headshot.vresize.140.170.medium.0.png,football/usfl/athletes/910
2023,16,pittsburgh-maulers,Pittsburgh Maulers,44,540,mason-stokke,Mason Stokke,FB,28,"6'2""",245,Wisconsin,https://b.fssta.com/uploads/application/usfl/headshots/540.vresize.140.170.medium.1.png,football/usfl/athletes/540
2023,16,pittsburgh-maulers,Pittsburgh Maulers,50,562,colby-thomas,Colby Thomas,G,27,"6'2""",300,Sam Houston State,https://b.fssta.com/uploads/application/usfl/headshots/562.vresize.140.170.medium.1.png,football/usfl/athletes/562
2023,16,pittsburgh-maulers,Pittsburgh Maulers,13,770,cj-turner,C.J. Turner,WR,27,"6'1""",180,Southeastern Louisiana,https://b.fssta.com/uploads/application/usfl/headshots/770.vresize.140.170.medium.1.png,football/usfl/athletes/770
2023,16,pittsburgh-maulers,Pittsburgh Maulers,89,215,tre-walker,Tre Walker,WR,26,"5'11""",180,San Jose State,https://b.fssta.com/uploads/application/usfl/headshots/215.vresize.140.170.medium.1.png,football/usfl/athletes/215
2023,16,pittsburgh-maulers,Pittsburgh Maulers,-,183,trey-williams,Trey Williams,RB,33,"5'7""",200,Texas A&M,https://b.fssta.com/uploads/application/usfl/headshots/183.vresize.140.170.medium.1.png,football/usfl/athletes/183
2023,16,pittsburgh-maulers,Pittsburgh Maulers,11,549,troy-williams,Troy Williams,QB,31,"6'2""",208,Utah,https://b.fssta.com/uploads/application/usfl/headshots/549.vresize.140.170.medium.1.png,football/usfl/athletes/549
2023,16,pittsburgh-maulers,Pittsburgh Maulers,91,410,terry-beckner-jr,Terry Beckner Jr.,DT,29,"6'4""",305,Missouri,https://b.fssta.com/uploads/application/usfl/headshots/410.vresize.140.170.medium.1.png,football/usfl/athletes/410
2023,16,pittsburgh-maulers,Pittsburgh Maulers,20,353,malcolm-elmore,Malcolm Elmore,S,28,"5'11""",185,Central Methodist,https://b.fssta.com/uploads/application/usfl/headshots/353.vresize.140.170.medium.1.png,football/usfl/athletes/353
2023,16,pittsburgh-maulers,Pittsburgh Maulers,10,692,reuben-foster,Reuben Foster,LB,32,"6'1""",228,Alabama,https://b.fssta.com/uploads/application/usfl/headshots/692.vresize.140.170.medium.1.png,football/usfl/athletes/692
2023,16,pittsburgh-maulers,Pittsburgh Maulers,5,355,keith-gipson-jr,Keith Gipson Jr.,CB,31,"6'2""",200,Mary-Hardin Baylor,https://b.fssta.com/uploads/application/usfl/headshots/355.vresize.140.170.medium.1.png,football/usfl/athletes/355
2023,16,pittsburgh-maulers,Pittsburgh Maulers,27,245,tyson-graham-jr,Tyson Graham Jr.,LB,32,"6'4""",250,South Dakota,https://b.fssta.com/uploads/application/usfl/headshots/245.vresize.140.170.medium.1.png,football/usfl/athletes/245
2023,16,pittsburgh-maulers,Pittsburgh Maulers,29,564,sedevyn-gray,Sedevyn Gray,DB,28,"6'0""",182,West Alabama,https://b.fssta.com/uploads/application/usfl/headshots/564.vresize.140.170.medium.1.png,football/usfl/athletes/564
2023,16,pittsburgh-maulers,Pittsburgh Maulers,99,872,izayah-green-may,Izayah Green-May,DE,-,"6'6""",242,Northern Illinois,https://b.fssta.com/uploads/application/fs-app/default-headshot.vresize.140.170.medium.0.png,football/usfl/athletes/872
2023,16,pittsburgh-maulers,Pittsburgh Maulers,6,212,malcolm-howard,Malcolm Howard,LB,33,"6'3""",225,Central Oklahoma,https://b.fssta.com/uploads/application/usfl/headshots/212.vresize.140.170.medium.1.png,football/usfl/athletes/212
2023,16,pittsburgh-maulers,Pittsburgh Maulers,23,729,fernando-jordan,Ferlando Jordan,CB,26,"5'11""",186,Southeastern Louisiana,https://b.fssta.com/uploads/application/fs-app/default-headshot.vresize.140.170.medium.0.png,football/usfl/athletes/729
2023,16,pittsburgh-maulers,Pittsburgh Maulers,34,563,shedrick-kirk,Shedrick Kirk,CB,29,"6'2""",205,Kentucky Wesleyan,https://b.fssta.com/uploads/application/usfl/headshots/563.vresize.140.170.medium.1.png,football/usfl/athletes/563
2023,16,pittsburgh-maulers,Pittsburgh Maulers,92,460,will-miles,Will Miles,DT,28,"6'5""",281,Central Methodist,https://b.fssta.com/uploads/application/usfl/headshots/460.vresize.140.170.medium.1.png,football/usfl/athletes/460
2023,16,pittsburgh-maulers,Pittsburgh Maulers,-,916,dorian-odaniel,Dorian O'Daniel,LB,31,"6'1""",220,Clemson,https://b.fssta.com/uploads/application/fs-app/default-headshot.vresize.140.170.medium.0.png,football/usfl/athletes/916
2023,16,pittsburgh-maulers,Pittsburgh Maulers,90,140,christopher-okoye,Christopher Okoye,DT,30,"6'6""",320,Ferris State,https://b.fssta.com/uploads/application/usfl/headshots/140.vresize.140.170.medium.1.png,football/usfl/athletes/140
2023,16,pittsburgh-maulers,Pittsburgh Maulers,95,235,nasir-player,Nasir Player,DE,29,"6'5""",271,East Tennessee State,https://b.fssta.com/uploads/application/usfl/headshots/235.vresize.140.170.medium.1.png,football/usfl/athletes/235
2023,16,pittsburgh-maulers,Pittsburgh Maulers,27,561,beau-tanner,Beau Tanner,DB,31,"6'0""",189,BYU,https://b.fssta.com/uploads/application/fs-app/default-headshot.vresize.140.170.medium.0.png,football/usfl/athletes/561
2023,16,pittsburgh-maulers,Pittsburgh Maulers,56,655,vaughn-taylor-jr,Vaughn Taylor Jr.,DE,27,"6'3""",252,Morehead State,https://b.fssta.com/uploads/application/usfl/headshots/655.vresize.140.170.medium.1.png,football/usfl/athletes/655
2023,16,pittsburgh-maulers,Pittsburgh Maulers,1,240,bryce-torneden,Bryce Torneden,S,28,"5'9""",190,Kansas,https://b.fssta.com/uploads/application/usfl/headshots/240.vresize.140.170.medium.1.png,football/usfl/athletes/240
2023,16,pittsburgh-maulers,Pittsburgh Maulers,3,393,eli-walker,Eli Walker,S,28,"6'2""",202,Kansas State,https://b.fssta.com/uploads/application/usfl/headshots/393.vresize.140.170.medium.1.png,football/usfl/athletes/393
2023,16,pittsburgh-maulers,Pittsburgh Maulers,45,356,dale-warren,Dale Warren,LB,30,"6'1""",230,Chattanooga,https://b.fssta.com/uploads/application/usfl/headshots/356.vresize.140.170.medium.1.png,football/usfl/athletes/356
2023,16,pittsburgh-maulers,Pittsburgh Maulers,98,699,savion-williams,Savion Williams,DT,27,"6'4""",290,Florida A&M,https://b.fssta.com/uploads/application/usfl/headshots/699.vresize.140.170.medium.1.png,football/usfl/athletes/699
2023,16,pittsburgh-maulers,Pittsburgh Maulers,25,882,tre-wortham,Tre Wortham,DB,-,"6'1""",196,Connecticut,https://b.fssta.com/uploads/application/fs-app/default-headshot.vresize.140.170.medium.0.png,football/usfl/athletes/882
2023,16,pittsburgh-maulers,Pittsburgh Maulers,7,844,chris-blewitt,Chris Blewitt,K,31,"5'9""",195,Pittsburgh,https://b.fssta.com/uploads/application/fs-app/default-headshot.vresize.140.170.medium.0.png,football/usfl/athletes/844
2023,16,pittsburgh-maulers,Pittsburgh Maulers,48,834,riley-lovingood,Riley Lovingood,LS,29,"6'0""",216,Tennessee,https://b.fssta.com/uploads/application/fs-app/default-headshot.vresize.140.170.medium.0.png,football/usfl/athletes/834
2023,16,pittsburgh-maulers,Pittsburgh Maulers,19,54,matt-mengel,Matt Mengel,P,32,"6'2""",225,UCLA,https://b.fssta.com/uploads/application/usfl/headshots/54.vresize.140.170.medium.1.png,football/usfl/athletes/54
2023,20,memphis-showboats,Memphis Showboats,70,800,clayton-bradley,Clayton Bradley,T,29,"6'6""",310,UNLV,https://b.fssta.com/uploads/application/usfl/headshots/800.vresize.140.170.medium.1.png,football/usfl/athletes/800
2023,20,memphis-showboats,Memphis Showboats,69,362,matthew-burrell-jr,Matt Burrell Jr.,OL,29,"6'4""",310,Sam Houston,https://b.fssta.com/uploads/application/usfl/headshots/362.vresize.140.170.medium.1.png,football/usfl/athletes/362
2023,20,memphis-showboats,Memphis Showboats,-,907,daewood-davis,Daewood Davis,WR,27,"6'0""",196,Western Kentucky,https://b.fssta.com/uploads/application/fs-app/default-headshot.vresize.140.170.medium.0.png,football/usfl/athletes/907
2023,20,memphis-showboats,Memphis Showboats,6,367,rashard-davis,Rashard Davis,WR,30,"5'9""",175,James Madison,https://b.fssta.com/uploads/application/usfl/headshots/367.vresize.140.170.medium.1.png,football/usfl/athletes/367
2023,20,memphis-showboats,Memphis Showboats,4,249,derrick-dillon,Derrick Dillon,WR,30,"5'11""",179,LSU,https://b.fssta.com/uploads/application/usfl/headshots/249.vresize.140.170.medium.1.png,football/usfl/athletes/249
2023,20,memphis-showboats,Memphis Showboats,-,749,michael-ezeike,Michael Ezeike,TE,25,"6'5""",241,UCLA,https://b.fssta.com/uploads/application/fs-app/default-headshot.vresize.140.170.medium.0.png,football/usfl/athletes/749
2023,20,memphis-showboats,Memphis Showboats,11,444,ezra-gray,Ezra Gray,RB,28,"5'7""",175,Alabama State,https://b.fssta.com/uploads/application/usfl/headshots/444.vresize.140.170.medium.1.png,football/usfl/athletes/444
2023,20,memphis-showboats,Memphis Showboats,67,866,tyran-hunt,Tyran Hunt,G,-,"6'7""",313,Old Dominion,https://b.fssta.com/uploads/application/fs-app/default-headshot.vresize.140.170.medium.0.png,football/usfl/athletes/866
2023,20,memphis-showboats,Memphis Showboats,77,361,jarron-jones,Jarron Jones,OL,32,"6'6""",315,Notre Dame,https://b.fssta.com/uploads/application/usfl/headshots/361.vresize.140.170.medium.1.png,football/usfl/athletes/361
2023,20,memphis-showboats,Memphis Showboats,15,685,cole-kelley,Cole Kelley,QB,28,"6'7""",250,Southeastern Louisiana,https://b.fssta.com/uploads/application/usfl/headshots/685.vresize.140.170.medium.1.png,football/usfl/athletes/685
2023,20,memphis-showboats,Memphis Showboats,61,855,darta-lee,Darta Lee,OL,28,"6'3""",313,UTEP,https://b.fssta.com/uploads/application/fs-app/default-headshot.vresize.140.170.medium.0.png,football/usfl/athletes/855
2023,20,memphis-showboats,Memphis Showboats,-,897,chance-lytle,Chance Lytle,G,-,"6'6""",314,Duke,https://b.fssta.com/uploads/application/fs-app/default-headshot.vresize.140.170.medium.0.png,football/usfl/athletes/897
2023,20,memphis-showboats,Memphis Showboats,51,7,jordan-mccray,Jordan McCray,C,34,"6'2""",280,UCF,https://b.fssta.com/uploads/application/usfl/headshots/7.vresize.140.170.medium.1.png,football/usfl/athletes/7
2023,20,memphis-showboats,Memphis Showboats,18,542,ryan-mcdaniel,Ryan McDaniel,WR,27,"6'2""",204,North Carolina Central,https://b.fssta.com/uploads/application/usfl/headshots/542.vresize.140.170.medium.1.png,football/usfl/athletes/542
2023,20,memphis-showboats,Memphis Showboats,75,622,lukayus-mcneil,Lukayus McNeil,T,31,"6'6""",328,Louisville,https://b.fssta.com/uploads/application/usfl/headshots/622.vresize.140.170.medium.1.png,football/usfl/athletes/622
2023,20,memphis-showboats,Memphis Showboats,85,591,john-mitchell,John Mitchell,TE,28,"6'4""",228,Florida Atlantic,https://b.fssta.com/uploads/application/usfl/headshots/591.vresize.140.170.medium.1.png,football/usfl/athletes/591
2023,20,memphis-showboats,Memphis Showboats,12,1,osirus-mitchell,Osirus Mitchell,WR,27,"6'5""",210,Mississippi State,https://b.fssta.com/uploads/application/usfl/headshots/1.vresize.140.170.medium.1.png,football/usfl/athletes/1
2023,20,memphis-showboats,Memphis Showboats,-,435,guy-myers,Guy Myers,QB,28,"6'6""",215,Charleston (WV),https://b.fssta.com/uploads/application/fs-app/default-headshot.vresize.140.170.medium.0.png,football/usfl/athletes/435
2023,20,memphis-showboats,Memphis Showboats,-,492,darrin-paulo,Darrin Paulo,T,29,"6'5""",315,Utah,https://b.fssta.com/uploads/application/fs-app/default-headshot.vresize.140.170.medium.0.png,football/usfl/athletes/492
2023,20,memphis-showboats,Memphis Showboats,55,79,terrone-prescod,Terrone Prescod,T,30,"6'5""",334,North Carolina State,https://b.fssta.com/uploads/application/usfl/headshots/79.vresize.140.170.medium.1.png,football/usfl/athletes/79
2023,20,memphis-showboats,Memphis Showboats,9,600,kerrith-whyte,Kerrith Whyte,RB,29,"5'11""",204,Florida Atlantic,https://b.fssta.com/uploads/application/usfl/headshots/600.vresize.140.170.medium.1.png,football/usfl/athletes/600
2023,20,memphis-showboats,Memphis Showboats,10,697,ryan-willis,Ryan Willis,QB,29,"6'4""",211,Virginia Tech,https://b.fssta.com/uploads/application/usfl/headshots/697.vresize.140.170.medium.1.png,football/usfl/athletes/697
2023,20,memphis-showboats,Memphis Showboats,88,636,jay-jay-wilson,Jay Jay Wilson,TE,29,"6'3""",240,Arizona State,https://b.fssta.com/uploads/application/usfl/headshots/636.vresize.140.170.medium.1.png,football/usfl/athletes/636
2023,20,memphis-showboats,Memphis Showboats,21,252,delrick-abrams-jr,Delrick Abrams Jr.,CB,29,"6'3""",195,Colorado,https://b.fssta.com/uploads/application/usfl/headshots/252.vresize.140.170.medium.1.png,football/usfl/athletes/252
2023,20,memphis-showboats,Memphis Showboats,-,260,john-atkins,John Atkins,NT,33,"6'3""",320,Georgia,https://b.fssta.com/uploads/application/usfl/headshots/260.vresize.140.170.medium.1.png,football/usfl/athletes/260
2023,20,memphis-showboats,Memphis Showboats,-,951,josiah-bronson,Josiah Bronson,DE,-,"6'3""",298,Washington,https://b.fssta.com/uploads/application/fs-app/default-headshot.vresize.140.170.medium.0.png,football/usfl/athletes/951
2023,20,memphis-showboats,Memphis Showboats,59,631,big-kat-bryant,Big Kat Bryant,DE,27,"6'5""",245,Auburn,https://b.fssta.com/uploads/application/usfl/headshots/631.vresize.140.170.medium.1.png,football/usfl/athletes/631
2023,20,memphis-showboats,Memphis Showboats,50,423,anthony-butler,Anthony Butler,LB,28,"6'1""",230,Liberty,https://b.fssta.com/uploads/application/usfl/headshots/423.vresize.140.170.medium.1.png,football/usfl/athletes/423
2023,20,memphis-showboats,Memphis Showboats,57,573,kahzin-daniels,Kahzin Daniels,DE,30,"6'4""",240,Charleston (WV),https://b.fssta.com/uploads/application/usfl/headshots/573.vresize.140.170.medium.1.png,football/usfl/athletes/573
2023,20,memphis-showboats,Memphis Showboats,90,603,dillon-faamatau,Dillon Faamatau,DT,29,"6'3""",285,Oklahoma,https://b.fssta.com/uploads/application/usfl/headshots/603.vresize.140.170.medium.1.png,football/usfl/athletes/603
2023,20,memphis-showboats,Memphis Showboats,45,869,jordan-ferguson,Jordan Ferguson,DE,-,"6'2""",271,Middle Tennessee State,https://b.fssta.com/uploads/application/fs-app/default-headshot.vresize.140.170.medium.0.png,football/usfl/athletes/869
2023,20,memphis-showboats,Memphis Showboats,-,788,antonio-fletcher,Antonio Fletcher,S,27,"5'11""",196,Southern Illinois,https://b.fssta.com/uploads/application/fs-app/default-headshot.vresize.140.170.medium.0.png,football/usfl/athletes/788
2023,20,memphis-showboats,Memphis Showboats,14,638,tj-green,T.J. Green,S,31,"6'3""",215,Clemson,https://b.fssta.com/uploads/application/usfl/headshots/638.vresize.140.170.medium.1.png,football/usfl/athletes/638
2023,20,memphis-showboats,Memphis Showboats,35,634,nate-hall,Nate Hall,LB,30,"6'2""",235,Northwestern,https://b.fssta.com/uploads/application/usfl/headshots/634.vresize.140.170.medium.1.png,football/usfl/athletes/634
2023,20,memphis-showboats,Memphis Showboats,-,921,pj-hall,P.J. Hall,DE,31,"6'0""",305,Sam Houston State,https://b.fssta.com/uploads/application/fs-app/default-headshot.vresize.140.170.medium.0.png,football/usfl/athletes/921
2023,20,memphis-showboats,Memphis Showboats,20,599,aaron-hansford,Aaron Hansford,LB,28,"6'3""",240,Texas A&M,https://b.fssta.com/uploads/application/usfl/headshots/599.vresize.140.170.medium.1.png,football/usfl/athletes/599
2023,20,memphis-showboats,Memphis Showboats,39,550,malik-lawal,Malik Lawal,LB,28,"6'1""",228,Tulane,https://b.fssta.com/uploads/application/usfl/headshots/550.vresize.140.170.medium.1.png,football/usfl/athletes/550
2023,20,memphis-showboats,Memphis Showboats,94,266,daylon-mack,Daylon Mack,DT,29,"6'1""",340,Texas A&M,https://b.fssta.com/uploads/application/usfl/headshots/266.vresize.140.170.medium.1.png,football/usfl/athletes/266
2023,20,memphis-showboats,Memphis Showboats,33,465,jeff-mcculloch,Jeff McCulloch,DE,28,"6'3""",245,Texas,https://b.fssta.com/uploads/application/usfl/headshots/465.vresize.140.170.medium.1.png,football/usfl/athletes/465
2023,20,memphis-showboats,Memphis Showboats,23,581,lamont-mcphatter-ii,Lamont McPhatter II,S,29,"5'10""",200,California (PA),https://b.fssta.com/uploads/application/usfl/headshots/581.vresize.140.170.medium.1.png,football/usfl/athletes/581
2023,20,memphis-showboats,Memphis Showboats,7,358,quenton-meeks,Quenton Meeks,CB,29,"6'2""",200,Stanford,https://b.fssta.com/uploads/application/usfl/headshots/358.vresize.140.170.medium.1.png,football/usfl/athletes/358
2023,20,memphis-showboats,Memphis Showboats,-,924,dylan-moses,Dylan Moses,LB,28,"6'1""",240,Alabama,https://b.fssta.com/uploads/application/fs-app/default-headshot.vresize.140.170.medium.0.png,football/usfl/athletes/924
2023,20,memphis-showboats,Memphis Showboats,5,389,tj-neal,TJ Neal,LB,32,"6'1""",236,Auburn,https://b.fssta.com/uploads/application/usfl/headshots/389.vresize.140.170.medium.1.png,football/usfl/athletes/389
2023,20,memphis-showboats,Memphis Showboats,41,269,greg-reaves,Greg Reaves,LB,29,"6'2""",241,South Florida,https://b.fssta.com/uploads/application/usfl/headshots/269.vresize.140.170.medium.1.png,football/usfl/athletes/269
2023,20,memphis-showboats,Memphis Showboats,32,766,nehemiah-shelton,Nehemiah Shelton,CB,26,"6'0""",183,San Jose State,https://b.fssta.com/uploads/application/fs-app/default-headshot.vresize.140.170.medium.0.png,football/usfl/athletes/766
2023,20,memphis-showboats,Memphis Showboats,97,72,cory-thomas,Cory Thomas,DT,30,"6'5""",310,Mississippi State,https://b.fssta.com/uploads/application/usfl/headshots/72.vresize.140.170.medium.1.png,football/usfl/athletes/72
2023,20,memphis-showboats,Memphis Showboats,98,493,jeremiah-valoaga,Jeremiah Valoaga,DE,31,"6'6""",275,UNLV,https://b.fssta.com/uploads/application/usfl/headshots/493.vresize.140.170.medium.1.png,football/usfl/athletes/493
2023,20,memphis-showboats,Memphis Showboats,22,680,troy-warner,Troy Warner,DB,28,"6'1""",200,BYU,https://b.fssta.com/uploads/application/usfl/headshots/680.vresize.140.170.medium.1.png,football/usfl/athletes/680
2023,20,memphis-showboats,Memphis Showboats,95,633,jordan-williams,Jordan Williams,DE,27,"6'5""",285,Virginia Tech,https://b.fssta.com/uploads/application/usfl/headshots/633.vresize.140.170.medium.1.png,football/usfl/athletes/633
2023,20,memphis-showboats,Memphis Showboats,27,580,kyree-woods,Kyree Woods,S,28,"6'0""",190,San Diego State,https://b.fssta.com/uploads/application/usfl/headshots/580.vresize.140.170.medium.1.png,football/usfl/athletes/580
2023,20,memphis-showboats,Memphis Showboats,44,261,ryan-disalvo,Ryan DiSalvo,LS,32,"6'4""",245,San Jose State,https://b.fssta.com/uploads/application/usfl/headshots/261.vresize.140.170.medium.1.png,football/usfl/athletes/261
2023,20,memphis-showboats,Memphis Showboats,17,686,alex-kessman,Alex Kessman,K,28,"6'3""",190,Pittsburgh,https://b.fssta.com/uploads/application/usfl/headshots/686.vresize.140.170.medium.1.png,football/usfl/athletes/686
2023,20,memphis-showboats,Memphis Showboats,16,263,brandon-wright,Brandon Wright,P,29,"5'11""",175,Georgia State,https://b.fssta.com/uploads/application/usfl/headshots/263.vresize.140.170.medium.1.png,football/usfl/athletes/263
